,date,value,action,reward,balance,coin,position,price,index
0,2023-01-07,100000000.0,10,-0.3610892,-400200000.0,23.425595039395994,5,21344175.0,7848
1,2023-01-07,99800195.21329194,10,0.00052846,-400200000.0,23.425595039395994,5,21344183.333333332,7849
2,2023-01-07,99800780.85316795,10,0.00219639,-400200000.0,23.425595039395994,5,21344208.333333332,7850
3,2023-01-07,99803123.41267186,5,-0.0074548,-400200000.0,23.425595039395994,5,21344308.333333332,7851
4,2023-01-07,99799219.14683205,0,-0.73192181,599399219.4591733,-23.425631623353322,-5,21344141.666666668,7852
5,2023-01-07,99409565.77980703,0,0.00422718,599399219.4591733,-23.425631623353322,-5,21343700.0,7853
6,2023-01-07,99414055.69253486,2,0.00755974,599399219.4591733,-23.425631623353322,-5,21343508.333333332,7854
7,2023-01-07,99422059.45000613,5,0.00248659,599399219.4591733,-23.425631623353322,-5,21343166.666666668,7855
8,2023-01-07,99424597.2267654,3,-0.00473983,599399219.4591733,-23.425631623353322,-5,21343058.333333332,7856
9,2023-01-07,99422254.66360301,1,-0.01299937,599399219.4591733,-23.425631623353322,-5,21343158.333333332,7857
10,2023-01-07,99416007.82850343,0,-0.01468742,599399219.4591733,-23.425631623353322,-5,21343425.0,7858
11,2023-01-07,99409175.35261327,0,-0.01553706,599399219.4591733,-23.425631623353322,-5,21343716.666666668,7859
12,2023-01-07,99401952.44952941,2,-0.01974519,599399219.4591733,-23.425631623353322,-5,21344025.0,7860
13,2023-01-07,99392777.41047692,9,-0.73250563,-300967225.16634256,18.74026384729808,4,21344416.666666668,7861
14,2023-01-07,99036679.05529225,0,-0.72862696,598676677.4936036,-23.425101167155667,-5,21344625.0,7862
15,2023-01-07,98679800.84042585,2,-0.00159029,598676677.4936036,-23.425101167155667,-5,21344491.666666668,7863
16,2023-01-07,98679020.00372028,6,-0.47397626,-1560979.0592756271,4.685042182948555,1,21344525.0,7864
17,2023-01-07,98438708.60457885,6,-0.0732041,-101600979.05927563,9.370098999022986,2,21344458.333333332,7865
18,2023-01-07,98401363.46596193,10,0.00351581,-101600979.05927563,9.370098999022986,5,21344741.666666668,7866
19,2023-01-07,98404955.33724487,10,0.00320632,-101600979.05927563,9.370098999022986,5,21345125.0,7867
20,2023-01-07,98408234.87189454,10,0.00175392,-101600979.05927563,9.370098999022986,5,21345475.0,7868
21,2023-01-07,98410030.80753604,3,-0.31100374,298250026.4035893,-9.369583209706887,-2,21345666.666666668,7869
22,2023-01-07,98247527.84806675,10,-0.53671629,-402032473.15135545,23.42366539762453,5,21345933.333333332,7870
23,2023-01-07,97968502.83470279,9,-0.00663239,-402032473.15135545,23.42366539762453,5,21345975.0,7871
24,2023-01-07,97965184.48210478,0,-0.75093404,597565185.4190514,-23.423775131758738,-5,21345833.333333332,7872
25,2023-01-07,97570846.16470814,8,-0.59901186,-202749151.5709936,14.054424196096695,3,21345591.666666668,7873
26,2023-01-07,97243938.33710998,2,-0.41231391,397003941.10114676,-14.05474792809591,-3,21345100.0,7874
27,2023-01-07,97012725.31860179,1,0.00741354,397003941.10114676,-14.05474792809591,-5,21344475.0,7875
28,2023-01-07,97021041.04445928,3,0.00813809,397003941.10114676,-14.05474792809591,-5,21343883.333333332,7876
29,2023-01-07,97029825.26191431,2,0.00576335,397003941.10114676,-14.05474792809591,-5,21343258.333333332,7877
30,2023-01-07,97036032.77558255,3,0.00391001,397003941.10114676,-14.05474792809591,-5,21342816.666666668,7878
31,2023-01-07,97040132.0770616,2,0.00265111,397003941.10114676,-14.05474792809591,-5,21342525.0,7879
32,2023-01-07,97042825.90374786,0,0.00809389,397003941.10114676,-14.05474792809591,-5,21342333.333333332,7880
33,2023-01-07,97051024.50670588,0,0.00818033,397003941.10114676,-14.05474792809591,-5,21341750.0,7881
34,2023-01-07,97058988.86386514,10,-0.67597268,-403260989.1170298,23.428878904715532,5,21341183.333333332,7882
35,2023-01-07,96727882.16549045,0,-0.76877609,596327886.6169775,-23.429400383070696,-5,21340708.333333332,7883
36,2023-01-07,96336672.64212114,3,0.01292806,596327886.6169775,-23.429400383070696,-5,21340333.333333332,7884
37,2023-01-07,96349363.56732857,10,-0.7794864,-404050627.8418913,23.430406810438246,5,21339791.666666668,7885
38,2023-01-07,95946833.86403757,5,0.00350846,-404050627.8418913,23.430406810438246,5,21339683.333333332,7886
39,2023-01-07,95950348.42505914,10,0.01073657,-404050627.8418913,23.430406810438246,5,21339833.333333332,7887
40,2023-01-07,95961087.36151397,10,0.0144787,-404050627.8418913,23.430406810438246,5,21340291.666666668,7888
41,2023-01-07,95975536.11238033,10,0.01319717,-404050627.8418913,23.430406810438246,5,21340908.333333332,7889
42,2023-01-07,95988422.83612609,5,0.01383028,-404050627.8418913,23.430406810438246,5,21341458.333333332,7890
43,2023-01-07,96001700.066652,3,-0.57297719,295721679.1354886,-9.371181975468588,-2,21342025.0,7891
44,2023-01-07,95716446.892219,8,-0.38574952,-204483555.2006783,14.05640523054457,3,21342583.333333332,7892
45,2023-01-07,95528509.88047796,10,0.01860231,-204483555.2006783,14.05640523054457,5,21343441.666666668,7893
46,2023-01-07,95545846.1135956,8,0.01991212,-204483555.2006783,14.05640523054457,5,21344675.0,7894
47,2023-01-07,95563768.03026456,3,-0.48148304,295363749.1009722,-9.369458843480848,-2,21345950.0,7895
48,2023-01-07,95350475.70094389,8,-0.41789807,-204849529.6084161,14.053255592805357,3,21347366.666666668,7896
49,2023-01-07,95169559.39709744,0,-0.77171833,594849551.7614954,-23.420602401314365,-5,21348725.0,7897
50,2023-01-07,94818714.63500023,3,-0.05703956,594849551.7614954,-23.420602401314365,-5,21350041.666666668,7898
51,2023-01-07,94792561.62898546,7,-0.56825875,-105487461.16706753,9.367173287631935,2,21351158.333333332,7899
52,2023-01-07,94521281.52800092,3,-0.36101237,294361278.0309229,-9.366763833832048,-2,21352091.666666668,7900
53,2023-01-07,94353784.61985582,5,-0.01586195,294361278.0309229,-9.366763833832048,-2,21352891.666666668,7901
54,2023-01-07,94346681.49061519,10,-0.56861974,-405933324.3480009,23.415200679977428,5,21353650.0,7902
55,2023-01-07,94082285.7857858,10,0.01238686,-405933324.3480009,23.415200679977428,5,21354316.666666668,7903
56,2023-01-07,94093798.25945342,2,-0.71383556,393773787.41041046,-14.048358351768552,-3,21354808.333333332,7904
57,2023-01-07,93761846.30581146,10,-0.60885844,-406558158.47063035,23.41299866272756,5,21355658.333333332,7905
58,2023-01-07,93467595.82789862,2,-0.69412427,393147585.52617925,-14.04707565247691,-3,21356758.333333332,7906
59,2023-01-07,93131431.38917893,10,-0.61593913,-407188575.07247585,23.410532164315406,5,21357908.333333332,7907
60,2023-01-07,92832299.31870401,6,0.02339316,-407188575.07247585,23.410532164315406,5,21358800.0,7908
61,2023-01-07,92854149.14872402,0,-0.85954525,592454132.0590355,-23.40853194172212,-5,21359733.333333332,7909
62,2023-01-07,92429748.17159623,2,-0.04357583,592454132.0590355,-23.40853194172212,-5,21360775.0,7910
63,2023-01-07,92409070.63504773,1,-0.04264736,592454132.0590355,-23.40853194172212,-5,21361658.333333332,7911
64,2023-01-07,92388783.24069822,10,-0.77564876,-408011242.8988291,23.40547290172861,5,21362525.0,7912
65,2023-01-07,92011187.346035,1,-0.7345659,491651178.3739371,-18.723538374281972,-4,21363483.333333332,7913
66,2023-01-07,91636355.5727241,8,-0.50119021,-208643650.35639638,14.042133421330703,3,21364275.0,7914
67,2023-01-07,91372264.06148112,10,0.01457918,-208643650.35639638,14.042133421330703,5,21365408.333333332,7915
68,2023-01-07,91387593.3904661,8,0.01391112,-208643650.35639638,14.042133421330703,5,21366500.0,7916
69,2023-01-07,91401518.50610894,10,0.01216929,-208643650.35639638,14.042133421330703,5,21367491.666666668,7917
70,2023-01-07,91413688.35507405,0,-0.65217959,591093665.4195895,-23.399083457900954,-5,21368358.333333332,7918
71,2023-01-07,91073386.21392602,10,-0.69656223,-409326621.8977562,23.398134466738966,5,21369225.0,7919
72,2023-01-07,90693266.51654047,2,-0.58256537,390373258.56117475,-14.038322280104305,-3,21370075.0,7920
73,2023-01-07,90363431.73557866,5,-0.019,390373258.56117475,-14.038322280104305,-3,21370775.0,7921
74,2023-01-07,90352669.02183056,3,-0.17049919,590293258.5611748,-23.396561527389927,-5,21371541.666666668,7922
75,2023-01-07,90255121.60068506,3,-0.02281787,590293258.5611748,-23.396561527389927,-5,21372291.666666668,7923
76,2023-01-07,90242058.52049893,8,-0.5240179,-210077961.9595173,14.036499577735304,3,21372850.0,7924
77,2023-01-07,89932214.50267655,2,-0.41796684,389692210.43209165,-14.036023454195192,-3,21373575.0,7925
78,2023-01-07,89687999.62505537,8,-0.40805446,-210552002.0592674,14.035826447005983,3,21373875.0,7926
79,2023-01-07,89452676.54954827,2,-0.4162409,389212674.67810476,-14.035607556615158,-3,21374208.333333332,7927
80,2023-01-07,89206241.69130796,5,-0.0198399,389212674.67810476,-14.035607556615158,-3,21374666.666666668,7928
81,2023-01-07,89194779.2784701,3,-0.16608462,589132674.6781048,-23.392121132526505,-5,21375483.333333332,7929
82,2023-01-07,89098209.85933441,2,-0.03077246,589132674.6781048,-23.392121132526505,-5,21376191.666666668,7930
83,2023-01-07,89080275.89979953,10,-0.62218907,-411319745.05971175,23.38966995226558,5,21376958.333333332,7931
84,2023-01-07,88702864.95457542,3,-0.4599928,288422855.9105697,-9.355444927419288,-2,21377925.0,7932
85,2023-01-07,88415527.47870994,2,-0.22073805,588302855.9105697,-23.38809813183412,-5,21378708.333333332,7933
86,2023-01-07,88277986.40511096,2,-0.03403829,588302855.9105697,-23.38809813183412,-5,21379458.333333332,7934
87,2023-01-07,88257326.91842777,8,-0.49234229,-212062691.29316908,14.03158119160085,3,21380341.666666668,7935
88,2023-01-07,87949118.62100047,2,-0.40695503,387709113.8970348,-14.031028840779783,-3,21381183.333333332,7936
89,2023-01-07,87698005.99920255,5,-0.01859638,387709113.8970348,-14.031028840779783,-3,21381975.0,7937
90,2023-01-07,87686898.10137022,10,-0.50169636,-412633110.78494805,23.38331647136401,5,21382766.666666668,7938
91,2023-01-07,87385011.2853173,10,0.01182718,-412633110.78494805,23.38331647136401,5,21383541.666666668,7939
92,2023-01-07,87399236.13617069,4,-0.39484633,187159223.19740224,-4.676360762527386,-1,21384150.0,7940
93,2023-01-07,87155560.04813826,9,-0.29364692,-313044441.4171214,18.704757866909414,4,21384933.333333332,7941
94,2023-01-07,86970834.1351366,5,0.01054029,-313044441.4171214,18.704757866909414,4,21385750.0,7942
95,2023-01-07,86984083.33862561,0,-0.57766851,586624071.9287233,-23.379280112999854,-5,21386458.333333332,7943
96,2023-01-07,86607316.77797568,10,-0.56442286,-413792689.9240846,23.37849669252718,5,21387175.0,7944
97,2023-01-07,86225428.41085207,4,-0.34909505,185985421.16351813,-4.6755299128715,-1,21387950.0,7945
98,2023-01-07,85983784.72804862,0,-0.00301662,185985421.16351813,-4.6755299128715,-5,21388300.0,7946
99,2023-01-07,85981758.66508639,8,-0.23856018,-214178242.799913,14.026076033799727,3,21388733.333333332,7947
100,2023-01-07,85825029.95116162,10,0.00204404,-214178242.799913,14.026076033799727,5,21388966.666666668,7948
101,2023-01-07,85827718.28240138,1,-0.4389714,485547715.8979685,-18.701063116477624,-4,21389158.333333332,7949
102,2023-01-07,85542261.42122614,2,-0.00838059,485547715.8979685,-18.701063116477624,-5,21389450.0,7950
103,2023-01-07,85536806.94448382,7,-0.35665799,-114703197.41909754,9.350276553908824,2,21389741.666666668,7951
104,2023-01-07,85299140.15004092,0,-0.41720637,585019139.2150133,-23.37541817649142,-5,21389991.666666668,7952
105,2023-01-07,85013295.36046916,2,-0.00539381,585019139.2150133,-23.37541817649142,-5,21390241.666666668,7953
106,2023-01-07,85009594.25259125,8,-0.45213579,-215310409.5653937,14.024983170020196,3,21390400.0,7954
107,2023-01-07,84689941.05918556,0,-0.44776952,584369940.9189358,-23.374944630599906,-5,21390425.0,7955
108,2023-01-07,84372473.20460409,3,0.00265489,584369940.9189358,-23.374944630599906,-5,21390316.666666668,7956
109,2023-01-07,84376174.23750395,1,0.00195368,584369940.9189358,-23.374944630599906,-5,21390158.333333332,7957
110,2023-01-07,84378901.31437749,8,-0.44597228,-215941095.10146433,14.025218121360991,3,21390041.666666668,7958
111,2023-01-07,84058203.63762963,1,-0.38629086,483778203.918134,-18.700334541193136,-4,21389991.666666668,7959
112,2023-01-07,83778827.26261872,10,-0.49223851,-416581172.4880435,23.375454603893182,5,21389958.333333332,7960
113,2023-01-07,83417269.14831626,10,-0.00191331,-416581172.4880435,23.375454603893182,5,21389891.666666668,7961
114,2023-01-07,83415905.580131,10,-0.00164358,-416581172.4880435,23.375454603893182,5,21389833.333333332,7962
115,2023-01-07,83414736.80740082,3,-0.39429892,283134738.4436827,-9.350258339846048,-2,21389783.333333332,7963
116,2023-01-07,83134115.09312668,0,-0.00011112,283134738.4436827,-9.350258339846048,-5,21389850.0,7964
117,2023-01-07,83134037.1743072,2,0.00066718,283134738.4436827,-9.350258339846048,-5,21389858.333333332,7965
118,2023-01-07,83134972.20014116,10,-0.40687258,-417145027.7063563,23.375673170688,5,21389758.333333332,7966
119,2023-01-07,82849323.17262757,6,-0.00775731,-417145027.7063563,23.375673170688,5,21389516.666666668,7967
120,2023-01-07,82843868.84888768,8,-0.00428091,-417145027.7063563,23.375673170688,5,21389283.333333332,7968
121,2023-01-07,82840946.88974136,10,-0.01172325,-417145027.7063563,23.375673170688,5,21389158.333333332,7969
122,2023-01-07,82833154.99868447,10,-0.01209678,-417145027.7063563,23.375673170688,5,21388825.0,7970
123,2023-01-07,82825363.10762757,5,-0.00591554,-417145027.7063563,23.375673170688,5,21388491.666666668,7971
124,2023-01-07,82821661.9593755,3,-0.43228725,282541675.28350925,-9.35089223096704,-2,21388333.333333332,7972
125,2023-01-07,82543077.91734388,2,-0.18355827,582421675.2835093,-23.377328947191188,-5,21388183.333333332,7973
126,2023-01-07,82428337.81635696,10,-0.62171769,-417971659.5186299,23.377640455786064,5,21387958.333333332,7974
127,2023-01-07,82024833.8353017,2,-0.47106648,381704835.23796016,-14.02668264669475,-3,21387808.333333332,7975
128,2023-01-07,81710445.91101885,8,-0.36707119,-218529551.8447119,14.02694498203577,3,21387408.333333332,7976
129,2023-01-07,81468577.89595717,2,-0.36280686,381228578.6440609,-14.027032429330058,-3,21387275.0,7977
130,2023-01-07,81232669.86185282,8,-0.37892624,-219007328.50166005,14.027223724087627,3,21386983.333333332,7978
131,2023-01-07,80986709.92825717,3,-0.29562391,280786712.3128852,-9.351668318145315,-2,21386558.333333332,7979
132,2023-01-07,80790920.5636284,8,-0.30499827,-219409077.75307128,14.027797639667183,3,21386108.333333332,7980
133,2023-01-07,80584726.63630453,9,-0.0081137,-219409077.75307128,14.027797639667183,5,21385666.666666668,7981
134,2023-01-07,80579232.41556236,6,-0.00427638,-219409077.75307128,14.027797639667183,5,21385275.0,7982
135,2023-01-07,80576426.85603443,2,-0.36423057,380336432.6541908,-14.028475467119007,-3,21385075.0,7983
136,2023-01-07,80340758.10079312,10,-0.50962476,-419979240.1690282,23.381129557956363,5,21384766.666666668,7984
137,2023-01-07,80011017.69365591,10,-0.00602672,-419979240.1690282,23.381129557956363,5,21384350.0,7985
138,2023-01-07,80007120.83872956,1,-0.53616147,479647126.2943265,-18.705413892355022,-4,21384183.333333332,7986
139,2023-01-07,79651802.64779955,2,0.00483076,479647126.2943265,-18.705413892355022,-5,21383933.333333332,7987
140,2023-01-07,79658193.6642127,0,0.00522261,479647126.2943265,-18.705413892355022,-5,21383591.666666668,7988
141,2023-01-07,79664896.4375242,5,0.00697333,479647126.2943265,-18.705413892355022,-5,21383233.333333332,7989
142,2023-01-07,79673625.63067389,5,0.00535944,479647126.2943265,-18.705413892355022,-5,21382766.666666668,7990
143,2023-01-07,79680172.52553624,3,0.00628847,479647126.2943265,-18.705413892355022,-5,21382416.666666668,7991
144,2023-01-07,79687654.69109315,2,0.00485615,479647126.2943265,-18.705413892355022,-5,21382016.666666668,7992
145,2023-01-07,79693422.19371003,1,0.00344896,479647126.2943265,-18.705413892355022,-5,21381708.333333332,7993
146,2023-01-07,79697475.03338665,10,-0.60349219,-420662504.8271177,23.384710842204257,5,21381491.666666668,7994
147,2023-01-07,79329700.26926816,10,-0.01096985,-420662504.8271177,23.384710842204257,5,21381158.333333332,7995
148,2023-01-07,79323269.47378659,10,-0.01302054,-420662504.8271177,23.384710842204257,5,21380883.333333332,7996
149,2023-01-07,79315864.31535327,10,-0.00660745,-420662504.8271177,23.384710842204257,5,21380566.666666668,7997
150,2023-01-07,79312161.73613656,10,-0.00557508,-420662504.8271177,23.384710842204257,5,21380408.333333332,7998
151,2023-01-07,79309043.77469093,10,-0.00649306,-420662504.8271177,23.384710842204257,5,21380275.0,7999
152,2023-01-07,79305536.06806463,0,-0.71771141,578905548.8517065,-23.386205646599354,-5,21380125.0,8000
153,2023-01-07,78911395.40311813,8,-0.57163891,-221408602.25826126,14.031887464262537,3,21379875.0,8001
154,2023-01-07,78586252.71633518,3,-0.34882172,278386254.77434534,-9.35475207763197,-2,21379508.333333332,8002
155,2023-01-07,78390152.587711,10,-0.49692111,-421889845.8531636,23.387335991433996,5,21379091.666666668,8003
156,2023-01-07,78101383.89583957,2,-0.53537233,377781387.40394,-14.03264773454596,-3,21378716.666666668,8004
157,2023-01-07,77787935.9728828,2,0.00448502,377781387.40394,-14.03264773454596,-5,21378250.0,8005
158,2023-01-07,77793081.27705216,2,0.00611179,377781387.40394,-14.03264773454596,-5,21377883.333333332,8006
159,2023-01-07,77800097.60091949,0,0.00510185,377781387.40394,-14.03264773454596,-5,21377383.333333332,8007
160,2023-01-07,77805710.66001326,9,-0.53573019,-322474279.6106843,18.71171407877164,4,21376983.333333332,8008
161,2023-01-07,77514025.56801647,3,-0.43335154,277274030.24594504,-9.356130585073931,-2,21376358.333333332,8009
162,2023-01-07,77278240.50470832,0,0.00451748,277274030.24594504,-9.356130585073931,-5,21375908.333333332,8010
163,2023-01-07,77283152.4732655,5,0.00387202,277274030.24594504,-9.356130585073931,-5,21375383.333333332,8011
164,2023-01-07,77287284.76427388,2,0.00321479,277274030.24594504,-9.356130585073931,-5,21374941.666666668,8012
165,2023-01-07,77290715.34548843,3,0.00317608,277274030.24594504,-9.356130585073931,-5,21374575.0,8013
166,2023-01-07,77293989.9911932,2,0.00234649,277274030.24594504,-9.356130585073931,-5,21374225.0,8014
167,2023-01-07,77296406.99159431,4,0.0016371,277274030.24594504,-9.356130585073931,-5,21373966.666666668,8015
168,2023-01-07,77298044.31444672,5,0.00129373,277274030.24594504,-9.356130585073931,-5,21373791.666666668,8016
169,2023-01-07,77299291.79852474,10,-0.56969523,-422980698.0968542,23.39328121570204,5,21373658.333333332,8017
170,2023-01-07,77014623.24690264,0,-0.77783584,576614625.1183652,-23.393500115992772,-5,21373458.333333332,8018
171,2023-01-07,76622422.95173717,1,0.00946915,576614625.1183652,-23.393500115992772,-5,21373125.0,8019
172,2023-01-07,76631585.4059493,8,-0.64510613,-223688407.80993563,14.036576198333703,3,21372733.333333332,8020
173,2023-01-07,76306211.5025217,3,-0.38165796,276106213.6547967,-9.357885305078758,-2,21372350.0,8021
174,2023-01-07,76108943.03801072,10,-0.55793275,-424171055.870236,23.395032532742324,5,21372058.333333332,8022
175,2023-01-07,75821730.66139978,10,-0.01762145,-424171055.870236,23.395032532742324,5,21371750.0,8023
176,2023-01-07,75812957.52420002,0,-0.78473269,575412963.9188423,-23.395780570974026,-5,21371375.0,8024
177,2023-01-07,75420762.51236594,0,0.01172215,575412963.9188423,-23.395780570974026,-5,21371041.666666668,8025
178,2023-01-07,75432460.40265143,10,-0.7801403,-424967531.79875505,23.39669287746177,5,21370541.666666668,8026
179,2023-01-07,75023304.49653459,1,-0.66472686,474663308.1620165,-18.717697348872143,-4,21370150.0,8027
180,2023-01-07,74671731.1258235,8,-0.52486977,-225608265.50499094,14.038568627542736,3,21369700.0,8028
181,2023-01-07,74384715.21069527,10,-0.01047496,-225608265.50499094,14.038568627542736,5,21369200.0,8029
182,2023-01-07,74378982.7951724,2,-0.43311,374138987.8958523,-14.039165371618656,-3,21368791.666666668,8030
183,2023-01-07,74143316.63850862,6,-0.2907848,-26016681.629994333,4.6797893158849995,1,21368483.333333332,8031
184,2023-01-07,73982265.4174096,10,-0.00084519,-26016681.629994333,4.6797893158849995,5,21368258.333333332,8032
185,2023-01-07,73981797.43847801,1,-0.35461564,473781798.0468506,-18.719441973434773,-4,21368158.333333332,8033
186,2023-01-07,73781174.06545144,0,0.00220837,473781798.0468506,-18.719441973434773,-5,21368191.666666668,8034
187,2023-01-07,73783669.99104798,8,-0.48195811,-226496329.26017433,14.039647183666276,3,21368058.333333332,8035
188,2023-01-07,73502968.7574665,9,-0.00186343,-226496329.26017433,14.039647183666276,5,21368008.333333332,8036
189,2023-01-07,73501915.78392774,10,0.0034617,-226496329.26017433,14.039647183666276,5,21367933.333333332,8037
190,2023-01-07,73505776.68690324,1,-0.52039864,473225775.84452444,-18.719398171348793,-4,21368208.333333332,8038
191,2023-01-07,73219380.0501492,2,-0.01321667,473225775.84452444,-18.719398171348793,-5,21368550.0,8039
192,2023-01-07,73212360.27583492,10,-0.64593103,-427147645.09039253,23.398462954968487,5,21368925.0,8040
193,2023-01-07,72865029.07704139,2,-0.60490044,372545024.00737447,-14.038721914756879,-3,21369466.666666668,8041
194,2023-01-07,72536249.80617774,0,-0.0119524,372545024.00737447,-14.038721914756879,-5,21370091.666666668,8042
195,2023-01-07,72529932.38131613,0,-0.01154758,372545024.00737447,-14.038721914756879,-5,21370541.666666668,8043
196,2023-01-07,72523965.92450237,9,-0.51976779,-327756042.4987308,18.716982073810417,4,21370966.666666668,8044
197,2023-01-07,72253315.99230611,2,-0.53340311,371973312.2489097,-14.037408132962328,-3,21371466.666666668,8045
198,2023-01-07,71966176.56644213,1,-0.01172965,371973312.2489097,-14.037408132962328,-5,21371975.0,8046
199,2023-01-07,71959859.7327823,10,-0.57047713,-428360145.6482241,23.394631166093692,5,21372425.0,8047
200,2023-01-07,71649992.02528113,5,0.00821606,-428360145.6482241,23.394631166093692,5,21372858.333333332,8048
201,2023-01-07,71658570.05670875,1,-0.67679946,471298562.5704268,-18.715004403874474,-4,21373225.0,8049
202,2023-01-07,71289828.90170497,3,-0.01103372,471298562.5704268,-18.715004403874474,-5,21373691.666666668,8050
203,2023-01-07,71284058.4420138,10,-0.63995047,-429075947.35963756,23.39290727051558,5,21374000.0,8051
204,2023-01-07,70935164.27131593,10,0.0144965,-429075947.35963756,23.39290727051558,5,21374475.0,8052
205,2023-01-07,70950954.48372352,10,0.0146877,-429075947.35963756,23.39290727051558,5,21375150.0,8053
206,2023-01-07,70966939.637025,10,0.01560196,-429075947.35963756,23.39290727051558,5,21375833.333333332,8054
207,2023-01-07,70983899.49479616,5,0.01489953,-429075947.35963756,23.39290727051558,5,21376558.333333332,8055
208,2023-01-07,71000079.58899158,5,0.01797964,-429075947.35963756,23.39290727051558,5,21377250.0,8056
209,2023-01-07,71019573.67838365,5,0.01656779,-429075947.35963756,23.39290727051558,5,21378083.333333332,8057
210,2023-01-07,71037508.24062443,4,-0.45710163,170797462.85838437,-4.677520072408011,-1,21378850.0,8058
211,2023-01-07,70793642.88365857,8,-0.27090082,-229366358.6443313,14.032024197446171,3,21379666.666666668,8059
212,2023-01-07,70646737.91158631,1,-0.53617717,470366732.672964,-18.70854887140679,-4,21380600.0,8060
213,2023-01-07,70346153.26920539,8,-0.45702996,-229933854.96255612,14.030689795479311,3,21381700.0,8061
214,2023-01-07,70082514.1755386,6,-0.02983963,-329973854.9625561,18.70733121867483,4,21382866.666666668,8062
215,2023-01-07,70065274.76185465,3,-0.42364612,269825259.1099649,-9.352750682945649,-2,21384083.333333332,8063
216,2023-01-07,69813957.86955634,1,-0.02176531,269825259.1099649,-9.352750682945649,-5,21385291.666666668,8064
217,2023-01-07,69801565.47490144,7,-0.26620636,-130358444.00255257,9.351642810885624,2,21386616.666666668,8065
218,2023-01-07,69652933.829534,2,-0.38563069,369452929.27840114,-14.02666625106174,-3,21387833.333333332,8066
219,2023-01-07,69437149.27886873,5,-0.02413933,369452929.27840114,-14.02666625106174,-3,21388958.333333332,8067
220,2023-01-07,69424057.723701,2,-0.02723363,369452929.27840114,-14.02666625106174,-5,21389891.666666668,8068
221,2023-01-07,69409797.27967912,2,-0.02116546,369452929.27840114,-14.02666625106174,-5,21390908.333333332,8069
222,2023-01-07,69398692.83556372,2,-0.02311781,369452929.27840114,-14.02666625106174,-5,21391700.0,8070
223,2023-01-07,69386536.39147943,0,-0.02395503,369452929.27840114,-14.02666625106174,-5,21392566.666666668,8071
224,2023-01-07,69373912.39185345,0,-0.02569111,369452929.27840114,-14.02666625106174,-5,21393466.666666668,8072
225,2023-01-07,69360820.83668584,0,-0.02758963,369452929.27840114,-14.02666625106174,-5,21394400.0,8073
226,2023-01-07,69347144.83709103,3,-0.0270554,369452929.27840114,-14.02666625106174,-5,21395375.0,8074
227,2023-01-07,69333702.6152671,6,-0.30755244,-30826345.075398147,4.673697985636169,1,21396333.333333332,8075
228,2023-01-07,69177822.30530573,0,-0.49803184,568937820.6383535,-23.3675161148233,-5,21397225.0,8076
229,2023-01-07,68917179.33245212,10,-0.69661483,-431482828.92407024,23.366551482549276,5,21398108.333333332,8077
230,2023-01-07,68535864.31711578,10,0.01728548,-431482828.92407024,23.366551482549276,5,21398908.333333332,8078
231,2023-01-07,68554752.27956426,5,0.0174986,-431482828.92407024,23.366551482549276,5,21399716.666666668,8079
232,2023-01-07,68573834.96327496,10,0.01592094,-431482828.92407024,23.366551482549276,5,21400533.333333332,8080
233,2023-01-07,68591165.15562451,0,-0.75398504,568191135.5579927,-23.363094021267425,-5,21401275.0,8081
234,2023-01-07,68174586.69972765,2,-0.03128186,568191135.5579927,-23.363094021267425,-5,21401983.333333332,8082
235,2023-01-07,68158037.8414625,5,-0.03448218,568191135.5579927,-23.363094021267425,-5,21402691.666666668,8083
236,2023-01-07,68139736.7511459,3,-0.03197753,568191135.5579927,-23.363094021267425,-5,21403475.0,8084
237,2023-01-07,68123382.58533102,8,-0.5946238,-232196644.515858,14.015957167234896,3,21404175.0,8085
238,2023-01-07,67815152.2480911,7,-0.1212097,-432276644.515858,23.35956119775422,5,21405016.666666668,8086
239,2023-01-07,67754034.56005925,10,0.01859413,-432276644.515858,23.35956119775422,5,21405825.0,8087
240,2023-01-07,67772722.20901746,10,0.01939091,-432276644.515858,23.35956119775422,5,21406625.0,8088
241,2023-01-07,67791215.19496572,6,0.01879387,-432276644.515858,23.35956119775422,5,21407416.666666668,8089
242,2023-01-07,67809124.19188392,10,0.01687315,-432276644.515858,23.35956119775422,5,21408183.333333332,8090
243,2023-01-07,67824307.90666246,8,0.01024742,-432276644.515858,23.35956119775422,5,21408833.333333332,8091
244,2023-01-07,67833067.74211162,1,-0.84678475,467473023.85720843,-18.68354932943574,-4,21409208.333333332,8092
245,2023-01-07,67466951.70367634,0,-0.00864508,467473023.85720843,-18.68354932943574,-5,21409533.333333332,8093
246,2023-01-07,67463214.99381047,5,-0.00708233,467473023.85720843,-18.68354932943574,-5,21409733.333333332,8094
247,2023-01-07,67460256.76516658,9,-0.73582544,-332859748.3416702,18.682953011983944,4,21409891.666666668,8095
248,2023-01-07,67145856.54423332,5,0.00218704,-332859748.3416702,18.682953011983944,4,21410191.666666668,8096
249,2023-01-07,67147724.83953452,8,-0.00337906,-332859748.3416702,18.682953011983944,5,21410291.666666668,8097
250,2023-01-07,67146323.61805862,3,-0.56028272,266906321.18927473,-9.341334705471608,-2,21410216.666666668,8098
251,2023-01-07,66905464.90026009,8,-0.47102858,-233294535.4422555,14.011942066847084,3,21410308.333333332,8099
252,2023-01-07,66705347.79156065,2,-0.54341207,366465347.83826715,-14.011947520585887,-3,21410300.0,8100
253,2023-01-07,66466398.73433119,0,0.00385017,366465347.83826715,-14.011947520585887,-5,21410225.0,8101
254,2023-01-07,66469784.95498198,1,-0.00276748,366465347.83826715,-14.011947520585887,-5,21409983.333333332,8102
255,2023-01-07,66468617.29268861,10,-0.7159825,-433851381.39952964,23.353500378326704,5,21410066.666666668,8103
256,2023-01-07,66152705.46303654,2,-0.73719355,365832703.82829154,-14.011985696876378,-3,21410241.666666668,8104
257,2023-01-07,65828500.23258245,3,-0.2044255,565752703.8282915,-23.353178606132527,-5,21410541.666666668,8105
258,2023-01-07,65741688.88882238,9,-0.78956931,-334618315.5171534,18.682131319814737,4,21410833.333333332,8106
259,2023-01-07,65389313.01980227,8,0.01223839,-334618315.5171534,18.682131319814737,5,21411241.666666668,8107
260,2023-01-07,65400210.92973876,4,-0.45929124,165200203.51916003,-4.670316519026286,-1,21411825.0,8108
261,2023-01-07,65197673.76437889,3,-0.20494394,365120203.51916003,-14.010713267945523,-3,21412366.666666668,8109
262,2023-01-07,65109851.116137624,2,-0.02015543,365120203.51916003,-14.010713267945523,-5,21412925.0,8110
263,2023-01-07,65101211.17628908,0,-0.01538914,365120203.51916003,-14.010713267945523,-5,21413541.666666668,8111
264,2023-01-07,65094906.35531849,8,-0.55567931,-235145103.76354706,14.009531929863613,3,21413991.666666668,8112
265,2023-01-07,64858748.85773367,2,-0.58802921,364618747.31668514,-14.009352020771198,-3,21414266.666666668,8113
266,2023-01-07,64613377.065077186,10,-0.72007502,-435706625.0830234,23.34850207684926,5,21414650.0,8114
267,2023-01-07,64299017.47164518,8,0.00563338,-435706625.0830234,23.34850207684926,5,21414891.666666668,8115
268,2023-01-07,64303687.17206055,5,0.00468607,-435706625.0830234,23.34850207684926,5,21415091.666666668,8116
269,2023-01-07,64307578.5890733,5,0.00233809,-435706625.0830234,23.34850207684926,5,21415258.333333332,8117
270,2023-01-07,64309524.297579765,2,-0.73254052,363989517.83782756,-14.008648784107654,-3,21415341.666666668,8118
271,2023-01-07,63989284.36034787,10,-0.70004803,-436330715.73304313,23.347729802949054,5,21415358.333333332,8119
272,2023-01-07,63668506.009296834,9,-0.00550335,-436330715.73304313,23.347729802949054,5,21415325.0,8120
273,2023-01-07,63665976.671901524,3,-0.58220782,263385977.99493957,-9.33915370145683,-2,21415216.666666668,8121
274,2023-01-07,63387612.34683731,3,-0.16341166,463305977.99493957,-18.678383720855187,-4,21415041.666666668,8122
275,2023-01-07,63311192.37038386,3,0.00475589,463305977.99493957,-18.678383720855187,-5,21414850.0,8123
276,2023-01-07,63315550.659918725,8,-0.61697659,-236964445.51101524,14.009123052245467,3,21414616.666666668,8124
277,2023-01-07,63033569.86321902,3,-0.44060661,262833570.65706933,-9.339477152720297,-2,21414475.0,8125
278,2023-01-07,62833959.80195072,8,-0.41837074,-237366040.04239133,14.009242987206449,3,21414433.333333332,8126
279,2023-01-07,62639797.14218667,3,-0.45233087,262439794.80731288,-9.339313607146442,-2,21414850.0,8127
280,2023-01-07,62431078.11461291,10,-0.5356446,-437848925.3720642,23.34726646313039,5,21415783.333333332,8128
281,2023-01-07,62175783.81827605,5,0.02338268,-437848925.3720642,23.34726646313039,5,21416841.666666668,8129
282,2023-01-07,62197574.6003083,3,-0.61508111,261917556.00031936,-9.338038148220345,-2,21417775.0,8130
283,2023-01-07,61908140.14518657,2,-0.30582066,561797556.0003194,-23.34443595948725,-5,21418783.333333332,8131
284,2023-01-07,61761683.117765725,8,-0.61103117,-238558331.23138726,14.005656729134488,3,21419916.666666668,8132
285,2023-01-07,61458008.70146334,0,-0.67898023,561138002.1654902,-23.341489887299506,-5,21421083.333333332,8133
286,2023-01-07,61106102.12931085,0,-0.05991078,561138002.1654902,-23.341489887299506,-5,21422450.0,8134
287,2023-01-07,61074980.14279449,5,-0.05903327,561138002.1654902,-23.341489887299506,-5,21423783.333333332,8135
288,2023-01-07,61044247.18110949,2,-0.06039423,561138002.1654902,-23.341489887299506,-5,21425100.0,8136
289,2023-01-07,61012736.16976166,2,-0.06322979,561138002.1654902,-23.341489887299506,-5,21426450.0,8137
290,2023-01-07,60979669.05908793,9,-0.61442247,-339380394.2741546,18.667280612784598,4,21427866.666666668,8138
291,2023-01-07,60646051.04004681,5,0.0261953,-339380394.2741546,18.667280612784598,4,21429283.333333332,8139
292,2023-01-07,60673896.400294244,5,0.0296999,-339380394.2741546,18.667280612784598,4,21430775.0,8140
293,2023-01-07,60704386.29196179,2,-0.59468112,360424352.37973535,-13.997493670994356,-3,21432408.333333332,8141
294,2023-01-07,60402073.035642326,6,-0.29343488,-39757935.876095295,4.665484743864887,1,21434000.0,8142
295,2023-01-07,60249762.17373207,1,-0.42938326,460049759.09451216,-18.66050248068055,-4,21435650.0,8143
296,2023-01-07,60020213.29891777,8,-0.47057805,-240259798.51940048,13.994343175503058,3,21437233.333333332,8144
297,2023-01-07,59760493.278203964,3,-0.39487743,259560485.16148496,-9.32893111439524,-2,21438683.333333332,8145
298,2023-01-07,59547580.140110016,0,-0.0225039,259560485.16148496,-9.32893111439524,-5,21440066.666666668,8146
299,2023-01-07,59535452.5296613,0,-0.02583492,259560485.16148496,-9.32893111439524,-5,21441366.666666668,8147
300,2023-01-07,59521536.87408236,2,-0.02540981,259560485.16148496,-9.32893111439524,-5,21442858.333333332,8148
301,2023-01-07,59507854.44178122,5,-0.03153092,259560485.16148496,-9.32893111439524,-5,21444325.0,8149
302,2023-01-07,59491451.07123843,0,-0.03050156,259560485.16148496,-9.32893111439524,-5,21446083.333333332,8150
303,2023-01-07,59475669.62943658,3,-0.03366004,259560485.16148496,-9.32893111439524,-5,21447775.0,8151
304,2023-01-07,59458177.883597076,1,-0.03202842,259560485.16148496,-9.32893111439524,-5,21449650.0,8152
305,2023-01-07,59441463.54868379,2,-0.03382069,259560485.16148496,-9.32893111439524,-5,21451441.666666668,8153
306,2023-01-07,59423738.57956642,4,-0.03368848,259560485.16148496,-9.32893111439524,-5,21453341.666666668,8154
307,2023-01-07,59406013.610449076,0,-0.03564033,259560485.16148496,-9.32893111439524,-5,21455241.666666668,8155
308,2023-01-07,59387200.26603508,2,-0.03931372,259560485.16148496,-9.32893111439524,-5,21457258.333333332,8156
309,2023-01-07,59367298.54632434,2,-0.04122271,259560485.16148496,-9.32893111439524,-5,21459391.666666668,8157
310,2023-01-07,59346386.192409605,10,-0.43451614,-440933699.447178,23.297388052167513,5,21461633.333333332,8158
311,2023-01-07,59119884.54534197,10,0.05847937,-440933699.447178,23.297388052167513,5,21463933.333333332,8159
312,2023-01-07,59178128.01547241,3,-0.58419946,258898083.28448737,-9.316871456677324,-2,21466433.333333332,8160
313,2023-01-07,58876110.9959687,8,-0.31332857,-241323897.7929467,13.973772006264907,3,21468791.666666668,8161
314,2023-01-07,58710920.1889689,8,0.03264617,-241323897.7929467,13.973772006264907,5,21471283.333333332,8162
315,2023-01-07,58744224.345583856,7,0.03620426,-241323897.7929467,13.973772006264907,5,21473666.666666668,8163
316,2023-01-07,58780090.3603999,4,-0.3524289,158620048.76513857,-4.65630999849446,-1,21476233.333333332,8164
317,2023-01-07,58606972.29455945,8,-0.24251776,-241553032.93602878,13.96710359129151,3,21479041.666666668,8165
318,2023-01-07,58485958.561496854,1,-0.63313147,458205942.9648979,-18.620384666113228,-4,21481833.333333332,8166
319,2023-01-07,58157064.45514935,7,-0.42507819,-142082955.09625453,9.309054801241984,2,21484458.333333332,8167
320,2023-01-07,57938843.60707176,3,-0.35978962,257778834.88759044,-9.308040285198354,-2,21486800.0,8168
321,2023-01-07,57757348.82793212,8,-0.33086938,-242442659.76649174,13.960560640603594,3,21489108.333333332,8169
322,2023-01-07,57588751.49494961,8,0.03198378,-242442659.76649174,13.960560640603594,5,21491358.333333332,8170
323,2023-01-07,57619813.74237499,10,0.03206701,-242442659.76649174,13.960560640603594,5,21493583.333333332,8171
324,2023-01-07,57650875.989800304,10,0.03331239,-242442659.76649174,13.960560640603594,5,21495808.333333332,8172
325,2023-01-07,57682170.91323635,3,-0.45549054,257482120.98096445,-9.30316935722077,-2,21498050.0,8173
326,2023-01-07,57464522.485597044,0,-0.03581654,257482120.98096445,-9.30316935722077,-5,21499941.666666668,8174
327,2023-01-07,57447389.148697525,2,-0.03560446,257482120.98096445,-9.30316935722077,-5,21501783.333333332,8175
328,2023-01-07,57430333.33820924,9,-0.43567019,-342809687.37684786,18.60152206954334,4,21503616.666666668,8176
329,2023-01-07,57222400.24872208,10,0.03539091,-342809687.37684786,18.60152206954334,5,21505341.666666668,8177
330,2023-01-07,57254952.9123438,5,0.03749735,-342809687.37684786,18.60152206954334,5,21507091.666666668,8178
331,2023-01-07,57287815.60133326,1,-0.76528641,456967776.600142,-18.596988915032295,-4,21508858.333333332,8179
332,2023-01-07,56935386.84444833,9,-0.5964366,-343384626.11145395,18.595483157141132,4,21510600.0,8180
333,2023-01-07,56649930.49474639,5,0.03658259,-343384626.11145395,18.595483157141132,4,21512458.333333332,8181
334,2023-01-07,56684797.02566606,0,-0.83205955,556324769.2564113,-23.240320406550673,-5,21514333.333333332,8182
335,2023-01-07,56284098.69569987,7,-0.55223499,-143995917.57252437,9.295372066632327,2,21516083.333333332,8183
336,2023-01-07,56020116.94429058,0,-0.63768743,555740110.5304838,-23.236567230940885,-5,21517808.333333332,8184
337,2023-01-07,55702738.38485402,5,-0.07543612,555740110.5304838,-23.236567230940885,-5,21519416.666666668,8185
338,2023-01-07,55666334.429525614,3,-0.05935326,555740110.5304838,-23.236567230940885,-5,21520983.333333332,8186
339,2023-01-07,55637869.634667695,8,-0.61747567,-244682171.26169062,13.939090048457699,3,21522208.333333332,8187
340,2023-01-07,55329676.964850545,10,0.01038711,-244682171.26169062,13.939090048457699,5,21523058.333333332,8188
341,2023-01-07,55339666.646052,10,0.01105101,-244682171.26169062,13.939090048457699,5,21523775.0,8189
342,2023-01-07,55350004.80450463,10,0.00957213,-244682171.26169062,13.939090048457699,5,21524516.666666668,8190
343,2023-01-07,55358716.73578489,10,0.00565398,-244682171.26169062,13.939090048457699,5,21525141.666666668,8191
344,2023-01-07,55363711.57638556,2,-0.54736042,355123693.2232503,-13.93695849109196,-3,21525500.0,8192
345,2023-01-07,55122415.668721974,10,-0.69755291,-445197584.8422998,23.228165234327665,5,21525591.666666668,8193
346,2023-01-07,54799898.7731331,10,-0.00566215,-445197584.8422998,23.228165234327665,5,21525483.333333332,8194
347,2023-01-07,54797382.38856608,5,-0.00444586,-445197584.8422998,23.228165234327665,5,21525375.0,8195
348,2023-01-07,54795446.70812988,5,-0.00789854,-445197584.8422998,23.228165234327665,5,21525291.666666668,8196
349,2023-01-07,54792156.05138832,5,-0.01617065,-445197584.8422998,23.228165234327665,5,21525150.0,8197
350,2023-01-07,54785768.30594891,2,-0.76984344,354465774.9646896,-13.93736316703349,-3,21524875.0,8198
351,2023-01-07,54467865.569164634,3,-0.16881685,554385774.9646896,-23.229003362204395,-5,21524725.0,8199
352,2023-01-07,54397737.895593524,8,-0.75486995,-245922257.31923407,13.937735489655877,3,21524300.0,8200
353,2023-01-07,54070193.07404232,10,-0.02041479,-245922257.31923407,13.937735489655877,5,21523758.333333332,8201
354,2023-01-07,54061365.84156555,5,-0.02845406,-245922257.31923407,13.937735489655877,5,21523125.0,8202
355,2023-01-07,54049634.91419512,6,-0.02548839,-245922257.31923407,13.937735489655877,5,21522283.333333332,8203
356,2023-01-07,54039065.46478212,2,-0.53837156,353799080.9356685,-13.939532630703447,-3,21521525.0,8204
357,2023-01-07,53806980.00415927,2,0.00931076,353799080.9356685,-13.939532630703447,-5,21520958.333333332,8205
358,2023-01-07,53814646.747106194,10,-0.79105984,-446505347.0265692,23.23375989225731,5,21520408.333333332,8206
359,2023-01-07,53479938.258832395,3,-0.64167873,253199944.14471823,-9.293777467468875,-2,21519775.0,8207
360,2023-01-07,53206682.13338214,2,-0.24472422,553079944.1447182,-23.234913344749703,-5,21519050.0,8208
361,2023-01-07,53104882.81550211,2,0.02774492,553079944.1447182,-23.234913344749703,-5,21518266.666666668,8209
362,2023-01-07,53127149.60745752,0,0.022543,553079944.1447182,-23.234913344749703,-5,21517308.333333332,8210
363,2023-01-07,53145156.66529971,1,0.02436668,553079944.1447182,-23.234913344749703,-5,21516533.333333332,8211
364,2023-01-07,53164519.09308696,9,-0.89167118,-347195447.0769337,18.591075354276178,4,21515700.0,8212
365,2023-01-07,52790144.839666724,2,-0.61686511,352510150.6029001,-13.943808774606465,-3,21514925.0,8213
366,2023-01-07,52521421.848326206,0,0.01312133,352510150.6029001,-13.943808774606465,-5,21514116.666666668,8214
367,2023-01-07,52532809.29215884,9,-0.66756843,-347747181.64436543,18.593149354120474,4,21513300.0,8215
368,2023-01-07,52231281.290966034,10,-0.05482451,-347747181.64436543,18.593149354120474,5,21512141.666666668,8216
369,2023-01-07,52206490.42516053,2,-0.55609684,351926508.95633274,-13.94647729416646,-3,21510808.333333332,8217
370,2023-01-07,51946615.12776512,3,-0.09129772,551846508.9563327,-23.244751999294923,-5,21509366.666666668,8218
371,2023-01-07,51903806.730963945,10,-0.88681103,-448496170.3499262,23.247416049706075,5,21507766.666666668,8219
372,2023-01-07,51464696.499723434,2,-0.58450598,351144712.1529836,-13.949541408826185,-3,21506083.333333332,8220
373,2023-01-07,51165055.23420483,5,0.01982755,351144712.1529836,-13.949541408826185,-3,21504625.0,8221
374,2023-01-07,51185282.0692476,8,-0.5032177,-249054701.70278585,13.9514281030592,3,21503175.0,8222
375,2023-01-07,50927626.488283634,0,-0.53619809,550607633.5570072,-23.25374995785258,-5,21501908.333333332,8223
376,2023-01-07,50641545.27569568,0,0.04106239,550607633.5570072,-23.25374995785258,-5,21500450.0,8224
377,2023-01-07,50683595.80686945,7,-0.5698975,-149596373.80823058,9.3029133235937,2,21498641.666666668,8225
378,2023-01-07,50387113.52062005,3,-0.27278544,250227120.12568852,-9.303681466756395,-2,21496866.666666668,8226
379,2023-01-07,50242161.077393144,8,-0.4031614,-249957832.90622616,13.956571800746676,3,21495250.0,8227
380,2023-01-07,50021464.84560275,8,-0.03762515,-249957832.90622616,13.956571800746676,5,21493766.666666668,8228
381,2023-01-07,50001227.81649166,8,-0.03545121,-249957832.90622616,13.956571800746676,5,21492316.666666668,8229
382,2023-01-07,49982386.44456065,9,-0.03633953,-249957832.90622616,13.956571800746676,5,21490966.666666668,8230
383,2023-01-07,49963777.6821596,10,-0.03631791,-249957832.90622616,13.956571800746676,5,21489633.333333332,8231
384,2023-01-07,49945634.13881868,10,-0.03588995,-249957832.90622616,13.956571800746676,5,21488333.333333332,8232
385,2023-01-07,49928072.11930275,3,-0.38774192,249728117.75729257,-9.307921157253837,-2,21487075.0,8233
386,2023-01-07,49737813.50849807,0,0.00843269,249728117.75729257,-9.307921157253837,-5,21486033.333333332,8234
387,2023-01-07,49746113.071529925,5,0.00762181,249728117.75729257,-9.307921157253837,-5,21485141.666666668,8235
388,2023-01-07,49753636.9744654,2,0.00626612,249728117.75729257,-9.307921157253837,-5,21484333.333333332,8236
389,2023-01-07,49759842.255236864,2,0.00669034,249728117.75729257,-9.307921157253837,-5,21483666.666666668,8237
390,2023-01-07,49766280.23403731,8,-0.42578118,-250433704.50097197,13.964546344256323,3,21482975.0,8238
391,2023-01-07,49556287.57414794,8,-0.02054607,-250433704.50097197,13.964546344256323,5,21482258.333333332,8239
392,2023-01-07,49546163.27804834,2,-0.46770894,349306171.33093673,-13.965483531591476,-3,21481533.333333332,8240
393,2023-01-07,49315016.137173414,2,0.00774661,349306171.33093673,-13.965483531591476,-5,21480900.0,8241
394,2023-01-07,49322697.15311575,0,0.00584871,349306171.33093673,-13.965483531591476,-5,21480350.0,8242
395,2023-01-07,49328516.10458732,2,0.00649212,349306171.33093673,-13.965483531591476,-5,21479933.333333332,8243
396,2023-01-07,49334684.19314706,2,0.00687864,349306171.33093673,-13.965483531591476,-5,21479491.666666668,8244
397,2023-01-07,49340968.66073626,10,-0.69206911,-450979017.4203318,23.27850598548585,5,21479041.666666668,8245
398,2023-01-07,49008955.35157567,10,-0.02895839,-450979017.4203318,23.27850598548585,5,21478525.0,8246
399,2023-01-07,48995764.198183894,10,-0.02690831,-450979017.4203318,23.27850598548585,5,21477958.333333332,8247
400,2023-01-07,48983930.9576413,2,-0.71219484,348663945.77829015,-13.968138675680771,-3,21477450.0,8248
401,2023-01-07,48670929.847628,10,-0.72257613,-451649067.35874426,23.28077310791337,5,21476950.0,8249
402,2023-01-07,48340068.28047204,0,-0.81609022,547940072.6262164,-23.281278980342066,-5,21476483.333333332,8250
403,2023-01-07,47947833.05254316,10,-0.83225319,-452452163.8432863,23.28164033125118,5,21476150.0,8251
404,2023-01-07,47542791.80130857,10,-0.00278647,-452452163.8432863,23.28164033125118,5,21475933.333333332,8252
405,2023-01-07,47541433.70562261,5,-0.0027823,-452452163.8432863,23.28164033125118,5,21475875.0,8253
406,2023-01-07,47540075.609936655,2,-0.62909179,347220078.7141554,-13.969201016026553,-3,21475816.666666668,8254
407,2023-01-07,47220078.714155376,5,-0.00205816,347220078.7141554,-13.969201016026553,-3,21475816.666666668,8255
408,2023-01-07,47219031.0240792,3,-0.16379674,547140078.7141554,-23.281969170394994,-5,21475891.666666668,8256
409,2023-01-07,47137284.87639153,5,-0.0117398,547140078.7141554,-23.281969170394994,-5,21475966.666666668,8257
410,2023-01-07,47131658.40050876,8,-0.63667158,-253188344.96761668,13.968946256419411,3,21476208.333333332,8258
411,2023-01-07,46813983.19009274,0,-0.63220421,546493982.2588296,-23.28139641815716,-5,21476375.0,8259
412,2023-01-07,46485639.758446455,5,-0.01754487,546493982.2588296,-23.28139641815716,-5,21476733.333333332,8260
413,2023-01-07,46476521.21151596,0,-0.01903003,546493982.2588296,-23.28139641815716,-5,21477125.0,8261
414,2023-01-07,46466626.61803824,0,-0.02749805,546493982.2588296,-23.28139641815716,-5,21477550.0,8262
415,2023-01-07,46452851.79182416,10,-0.740361,-453947164.6603626,23.279481426271747,5,21478141.666666668,8263
416,2023-01-07,46067385.0155288,2,-0.6319516,345747379.19565845,-13.967282416898549,-3,21478766.666666668,8264
417,2023-01-07,45738300.46208745,8,-0.430668,-254501703.16940594,13.966859745570371,3,21479416.666666668,8265
418,2023-01-07,45508073.63241595,10,0.01080667,-254501703.16940594,13.966859745570371,5,21480116.666666668,8266
419,2023-01-07,45519596.291706085,5,0.01050597,-254501703.16940594,13.966859745570371,5,21480941.666666668,8267
420,2023-01-07,45530769.77950251,6,0.01002559,-254501703.16940594,13.966859745570371,5,21481741.666666668,8268
421,2023-01-07,45541128.533813775,2,-0.46997196,345301111.4011325,-13.96486594892428,-3,21482483.333333332,8269
422,2023-01-07,45290754.12555373,8,-0.43493881,-254949250.01735651,13.964383839018582,3,21483225.0,8270
423,2023-01-07,45061921.48971468,10,0.01305164,-254949250.01735651,13.964383839018582,5,21484025.0,8271
424,2023-01-07,45075187.654361725,9,0.0126574,-254949250.01735651,13.964383839018582,5,21484975.0,8272
425,2023-01-07,45087871.96968216,1,-0.57133577,444807857.12088734,-18.616874800741265,-4,21485883.333333332,8273
426,2023-01-07,44790171.089826584,9,-0.55679886,-355529835.9845858,18.616051690570195,4,21486833.333333332,8274
427,2023-01-07,44488935.200868905,5,0.02007771,-355529835.9845858,18.616051690570195,4,21487841.666666668,8275
428,2023-01-07,44510653.92784119,3,-0.47097685,244270637.73187625,-9.307083737771364,-2,21489008.333333332,8276
429,2023-01-07,44259546.79042208,0,-0.02219895,244270637.73187625,-9.307083737771364,-5,21490200.0,8277
430,2023-01-07,44248068.053812176,5,-0.02243651,244270637.73187625,-9.307083737771364,-5,21491433.333333332,8278
431,2023-01-07,44236434.19913995,5,-0.02278456,244270637.73187625,-9.307083737771364,-5,21492683.333333332,8279
432,2023-01-07,44225033.021561176,9,-0.4271546,-356014985.22032297,18.6099239745835,4,21493908.333333332,8280
433,2023-01-07,44006106.026848316,8,0.02287694,-356014985.22032297,18.6099239745835,5,21495041.666666668,8281
434,2023-01-07,44028748.101017356,2,-0.57578114,343748730.60768884,-13.95591713441603,-3,21496258.333333332,8282
435,2023-01-07,43734774.69055444,2,-0.02883499,343748730.60768884,-13.95591713441603,-5,21497258.333333332,8283
436,2023-01-07,43720818.773419976,10,-0.61452105,-456599192.39131373,23.2576980073192,5,21498258.333333332,8284
437,2023-01-07,43423483.86424339,5,0.02344065,-456599192.39131373,23.2576980073192,5,21499233.333333332,8285
438,2023-01-07,43446160.11980057,10,0.02453016,-456599192.39131373,23.2576980073192,5,21500208.333333332,8286
439,2023-01-07,43469030.18950778,10,0.02559016,-456599192.39131373,23.2576980073192,5,21501191.666666668,8287
440,2023-01-07,43491900.25921494,5,0.02552169,-456599192.39131373,23.2576980073192,5,21502175.0,8288
441,2023-01-07,43514770.32892215,10,0.02580323,-456599192.39131373,23.2576980073192,5,21503158.333333332,8289
442,2023-01-07,43536865.14202911,1,-0.85358422,443176810.7190158,-18.601096767168134,-4,21504108.333333332,8290
443,2023-01-07,43158984.66794723,0,-0.04037541,443176810.7190158,-18.601096767168134,-5,21505066.666666668,8291
444,2023-01-07,43141623.6442979,10,-0.75572076,-457218390.430532,23.249325769552684,5,21506000.0,8292
445,2023-01-07,42801565.24075353,7,0.02272827,-457218390.430532,23.249325769552684,5,21506858.333333332,8293
446,2023-01-07,42821908.4008019,2,-0.71048176,342501892.2812694,-13.94847124755127,-3,21507733.333333332,8294
447,2023-01-07,42490036.08070892,2,-0.02440877,342501892.2812694,-13.94847124755127,-5,21508583.333333332,8295
448,2023-01-07,42478644.829190075,8,-0.4801696,-257761364.46979076,13.947390443248068,3,21509400.0,8296
449,2023-01-07,42248166.24701208,2,-0.51612011,342008162.43472534,-13.946947361896166,-3,21510083.333333332,8297
450,2023-01-07,41998515.79613334,6,-0.31644757,-58161488.06252211,4.648832968593647,1,21510775.0,8298
451,2023-01-07,41842192.26357803,9,-0.28473438,-458321488.0625221,23.24348049930193,5,21511566.666666668,8299
452,2023-01-07,41698850.091269135,10,0.0125145,-458321488.0625221,23.24348049930193,5,21512283.333333332,8300
453,2023-01-07,41711440.309872985,2,-0.62439367,341391427.13852406,-13.94516991608494,-3,21512825.0,8301
454,2023-01-07,41384338.34381676,2,-0.01341296,341391427.13852406,-13.94516991608494,-5,21513333.333333332,8302
455,2023-01-07,41377481.96860796,2,-0.01432722,341391427.13852406,-13.94516991608494,-5,21513825.0,8303
456,2023-01-07,41370160.75440204,10,-0.59821286,-458949847.7521516,23.240302402814866,5,21514350.0,8304
457,2023-01-07,41061578.72986317,1,-0.68492393,440701574.1592704,-18.59181704412574,-4,21514841.666666668,8305
458,2023-01-07,40692123.318939686,3,-0.01863526,440701574.1592704,-18.59181704412574,-5,21515350.0,8306
459,2023-01-07,40682052.751374066,0,-0.01802865,440701574.1592704,-18.59181704412574,-5,21515891.666666668,8307
460,2023-01-07,40672292.047425926,0,-0.01856594,440701574.1592704,-18.59181704412574,-5,21516416.666666668,8308
461,2023-01-07,40662221.479860365,5,-0.01957745,440701574.1592704,-18.59181704412574,-5,21516958.333333332,8309
462,2023-01-07,40651995.980486095,9,-0.57390094,-359668023.8507854,18.5895129586333,4,21517508.333333332,8310
463,2023-01-07,40341580.73090994,0,-0.65733017,539981576.8890773,-23.236333260138885,-5,21518025.0,8311
464,2023-01-07,39971314.17522067,8,-0.55831039,-260348689.92986482,13.941513800549604,3,21518466.666666668,8312
465,2023-01-07,39656770.49637365,10,0.00460524,-260348689.92986482,13.941513800549604,5,21518858.333333332,8313
466,2023-01-07,39661766.20548558,5,0.00460155,-260348689.92986482,13.941513800549604,5,21519216.666666668,8314
467,2023-01-07,39666529.55603409,10,0.00460482,-260348689.92986482,13.941513800549604,5,21519558.333333332,8315
468,2023-01-07,39671060.54801923,10,0.00224439,-260348689.92986482,13.941513800549604,5,21519883.333333332,8316
469,2023-01-07,39673267.954371035,2,-0.47369279,339433259.1712174,-13.940493454744704,-3,21520041.666666668,8317
470,2023-01-07,39433259.17121738,2,-0.00357973,339433259.1712174,-13.940493454744704,-5,21520041.666666668,8318
471,2023-01-07,39431516.609535515,0,-0.00501073,339433259.1712174,-13.940493454744704,-5,21520166.666666668,8319
472,2023-01-07,39429077.02318096,10,-0.62663178,-460890924.64967823,23.233831866826772,5,21520341.666666668,8320
473,2023-01-07,39114883.808288455,9,0.00560702,-460890924.64967823,23.233831866826772,5,21520591.666666668,8321
474,2023-01-07,39120498.65098959,8,0.0050364,-460890924.64967823,23.233831866826772,5,21520833.333333332,8322
475,2023-01-07,39125339.032628536,10,0.00442174,-460890924.64967823,23.233831866826772,5,21521041.666666668,8323
476,2023-01-07,39129404.95320523,2,-0.67267989,338809396.8213641,-13.939732341650448,-3,21521216.666666668,8324
477,2023-01-07,38806957.368204296,8,-0.48176254,-261433043.60757697,13.939618991491798,3,21521391.666666668,8325
478,2023-01-07,38569163.49876332,0,-0.62846434,538249162.6159208,-23.232527396957934,-5,21521550.0,8326
479,2023-01-07,38246839.363181055,9,-0.70179411,-362113161.56612,18.585935557914937,4,21521650.0,8327
480,2023-01-07,37888077.49625051,2,-0.55390029,337608077.00062555,-13.939408488944887,-3,21521716.666666668,8328
481,2023-01-07,37606566.89803928,2,-0.00117601,337608077.00062555,-13.939408488944887,-5,21521825.0,8329
482,2023-01-07,37605986.08935219,2,0.00046975,337608077.00062555,-13.939408488944887,-5,21521866.666666668,8330
483,2023-01-07,37606450.7363019,3,0.0025808,337608077.00062555,-13.939408488944887,-5,21521833.333333332,8331
484,2023-01-07,37609006.29452485,9,-0.55077906,-362670993.3337576,18.585935557914937,4,21521650.0,8332
485,2023-01-07,37326218.77590871,6,-0.08572839,-462710993.3337576,23.23245183233819,5,21521500.0,8333
486,2023-01-07,37283314.71942973,5,-0.00597119,-462710993.3337576,23.23245183233819,5,21521375.0,8334
487,2023-01-07,37280410.662950695,0,-0.77414417,536880414.101352,-23.23285125166986,-5,21521250.0,8335
488,2023-01-07,36884092.63613349,10,-0.74591609,-463515905.8924526,23.233022178630186,5,21521091.666666668,8336
489,2023-01-07,36482932.45643842,2,-0.59118605,336162932.9210989,-13.93984569365253,-3,21521041.666666668,8337
490,2023-01-07,36164210.74028748,10,-0.59640762,-464155788.7485848,23.2331751154108,5,21520950.0,8338
491,2023-01-07,35841887.933903694,10,-0.00357267,-464155788.7485848,23.2331751154108,5,21520850.0,8339
492,2023-01-07,35839951.835977435,10,-0.00551693,-464155788.7485848,23.2331751154108,5,21520766.666666668,8340
493,2023-01-07,35837047.68908799,3,-0.5129854,235557050.55451292,-9.293403193910342,-2,21520641.666666668,8341
494,2023-01-07,35558444.56499201,3,-0.14334791,435477050.5545129,-18.58687116377937,-4,21520491.666666668,8342
495,2023-01-07,35479993.47092235,0,0.00127545,435477050.5545129,-18.58687116377937,-5,21520408.333333332,8343
496,2023-01-07,35481387.48625964,8,-0.50901942,-264798610.77896762,13.940304518207588,3,21520333.333333332,8344
497,2023-01-07,35201273.05182809,10,-0.00105273,-264798610.77896762,13.940304518207588,5,21520325.0,8345
498,2023-01-07,35200692.205806494,0,-0.57657748,534880692.4846126,-23.23389484494086,-5,21520283.333333332,8346
499,2023-01-07,34881660.56356442,8,-0.56056929,-265438339.049204,13.940363897710256,3,21520241.666666668,8347
500,2023-01-07,34560731.59320283,1,-0.48816542,434280731.96494585,-18.587209444161118,-4,21520175.0,8348
501,2023-01-07,34281816.21883011,0,0.00081137,434280731.96494585,-18.587209444161118,-5,21520116.666666668,8349
502,2023-01-07,34282745.57930231,10,-0.60680906,-466077253.61525196,23.234128766639508,5,21520066.666666668,8350
503,2023-01-07,33920616.58961105,2,-0.51562565,333600617.44152915,-13.940536640957994,-3,21519975.0,8351
504,2023-01-07,33601895.3240546,0,0.00084387,333600617.44152915,-13.940536640957994,-5,21519883.333333332,8352
505,2023-01-07,33602940.864302635,2,0.0012164,333600617.44152915,-13.940536640957994,-5,21519808.333333332,8353
506,2023-01-07,33604451.08910543,2,0.00077824,333600617.44152915,-13.940536640957994,-5,21519700.0,8354
507,2023-01-07,33605380.45821482,1,0.00077973,333600617.44152915,-13.940536640957994,-5,21519633.333333332,8355
508,2023-01-07,33606309.82732421,8,-0.40640445,-266633687.89572144,13.94080116235302,3,21519566.666666668,8356
509,2023-01-07,33366660.624307632,1,-0.46117264,433086660.48489964,-18.587713289169443,-4,21519591.666666668,8357
510,2023-01-07,33086040.894456685,2,0.00026355,433086660.48489964,-18.587713289169443,-5,21519625.0,8358
511,2023-01-07,33086350.689678192,6,-0.33284233,-67113649.43423986,4.646924723304676,1,21519608.333333332,8359
512,2023-01-07,32886815.25823246,4,-0.13628985,132806815.07235548,-4.646903129495637,-1,21519708.333333332,8360
513,2023-01-07,32806389.106235266,5,-0.00067401,132806815.07235548,-4.646903129495637,-1,21519800.0,8361
514,2023-01-07,32806001.864307806,3,-0.14667235,332726815.0723555,-13.94063381112108,-3,21519883.333333332,8362
515,2023-01-07,32722400.53390664,0,-0.00331243,332726815.0723555,-13.94063381112108,-5,21520141.666666668,8363
516,2023-01-07,32720541.78273183,2,-0.00124033,332726815.0723555,-13.94063381112108,-5,21520275.0,8364
517,2023-01-07,32719844.751041234,10,-0.56788016,-467600158.03708726,23.233849860538815,5,21520325.0,8365
518,2023-01-07,32401003.65540576,9,0.00086286,-467600158.03708726,23.233849860538815,5,21520375.0,8366
519,2023-01-07,32401971.732483268,8,0.00501182,-467600158.03708726,23.233849860538815,5,21520416.666666668,8367
520,2023-01-07,32407586.57953286,5,0.00680717,-467600158.03708726,23.233849860538815,5,21520658.333333332,8368
521,2023-01-07,32414943.965322077,5,0.00299523,-467600158.03708726,23.233849860538815,5,21520975.0,8369
522,2023-01-07,32418041.811970115,6,0.00037488,-467600158.03708726,23.233849860538815,5,21521108.333333332,8370
523,2023-01-07,32418429.04280114,2,-0.59988956,332098421.6079692,-13.939791716278773,-3,21521125.0,8371
524,2023-01-07,32096911.46386665,2,-0.00347118,332098421.6079692,-13.939791716278773,-5,21521233.333333332,8372
525,2023-01-07,32095052.82497108,8,-0.4330231,-268144948.52254212,13.939635184258744,3,21521366.666666668,8373
526,2023-01-07,31857026.25910896,0,-0.58829641,531537025.4691963,-23.23257237623912,-5,21521508.333333332,8374
527,2023-01-07,31533153.373800278,7,-0.51112092,-168746848.17503786,9.292956984063741,2,21521675.0,8375
528,2023-01-07,31254700.651126176,5,0.00317188,-168746848.17503786,9.292956984063741,2,21521841.666666668,8376
529,2023-01-07,31258030.62737879,5,0.00354017,-168746848.17503786,9.292956984063741,2,21522200.0,8377
530,2023-01-07,31261747.81017241,2,-0.37653236,331061744.37177837,-13.938836385938503,-3,21522600.0,8378
531,2023-01-07,31059188.918440938,9,-0.50734069,-369220812.1037404,18.58495687128446,4,21522783.333333332,8379
532,2023-01-07,30777174.525931895,10,-0.0008356,-369220812.1037404,18.58495687128446,5,21522675.0,8380
533,2023-01-07,30776709.902010143,0,-0.64212113,530416710.89320785,-23.231340006922938,-5,21522650.0,8381
534,2023-01-07,30414774.94820732,2,-0.00274776,530416710.89320785,-23.231340006922938,-5,21522733.333333332,8382
535,2023-01-07,30413226.19220686,10,-0.68506014,-469986775.2016735,23.231178099503783,5,21522800.0,8383
536,2023-01-07,30009933.71476239,0,-0.66364786,529609935.0311958,-23.231331012007114,-5,21522658.333333332,8384
537,2023-01-07,29615936.458373904,5,0.00309722,529609935.0311958,-23.231331012007114,-5,21522400.0,8385
538,2023-01-07,29619614.752450764,8,-0.52235591,-270700381.3756607,13.939068459798758,3,21522241.666666668,8386
539,2023-01-07,29298805.512012422,5,-0.00264636,-270700381.3756607,13.939068459798758,3,21522183.333333332,8387
540,2023-01-07,29297179.28735882,10,-0.00136793,-270700381.3756607,13.939068459798758,5,21522066.666666668,8388
541,2023-01-07,29296366.17503196,4,-0.27190783,129136367.4760117,-4.64640652727189,-1,21522008.333333332,8389
542,2023-01-07,29136057.71557653,10,-0.40484915,-471103942.40832764,23.231960672936975,5,21522075.0,8390
543,2023-01-07,28899542.38577336,1,-0.61665132,428539540.99185574,-18.585439005493157,-4,21522225.0,8391
544,2023-01-07,28539231.234538972,8,-0.48063117,-271740768.88936394,13.939068459798758,3,21522241.666666668,8392
545,2023-01-07,28258417.998309195,5,-0.00298184,-271740768.88936394,13.939068459798758,3,21522183.333333332,8393
546,2023-01-07,28256675.614751756,10,-0.00278243,-271740768.88936394,13.939068459798758,5,21522058.333333332,8394
547,2023-01-07,28255049.390098095,10,-0.00178801,-271740768.88936394,13.939068459798758,5,21521941.666666668,8395
548,2023-01-07,28254003.95996362,3,-0.34341367,228054006.05082393,-9.292874224045002,-2,21521866.666666668,8396
549,2023-01-07,28055012.77886486,2,-0.20276762,527934006.0508239,-23.232255725943663,-5,21521758.333333332,8397
550,2023-01-07,27936561.59591323,10,-0.65987099,-472463437.3818687,23.232374468704634,5,21521691.666666668,8398
551,2023-01-07,27534626.586925507,2,-0.53024397,327214627.361338,-13.93947865575412,-3,21521608.333333332,8399
552,2023-01-07,27214162.712049484,3,-0.14118588,527134627.361338,-23.23245003301507,-5,21521641.666666668,8400
553,2023-01-07,27131645.863295913,3,-0.00240024,527134627.361338,-23.23245003301507,-5,21521750.0,8401
554,2023-01-07,27130290.637044072,8,-0.56590904,-273189711.09764564,13.939349117581122,3,21521808.333333332,8402
555,2023-01-07,26810869.70856762,2,-0.41701492,326570869.47624516,-13.939322130764781,-3,21521850.0,8403
556,2023-01-07,26569243.221996546,8,-0.40102112,-273670757.4285051,13.939246568234934,3,21521966.666666668,8404
557,2023-01-07,26330984.977315903,5,0.0022162,-273670757.4285051,13.939246568234934,3,21522091.666666668,8405
558,2023-01-07,26333540.505853355,10,0.00243915,-273670757.4285051,13.939246568234934,5,21522275.0,8406
559,2023-01-07,26336328.35516703,5,0.00274457,-273670757.4285051,13.939246568234934,5,21522475.0,8407
560,2023-01-07,26339464.685644865,5,0.00356696,-273670757.4285051,13.939246568234934,5,21522700.0,8408
561,2023-01-07,26343414.138839185,10,0.00283377,-273670757.4285051,13.939246568234934,5,21522983.333333332,8409
562,2023-01-07,26346550.46931708,5,0.0031587,-273670757.4285051,13.939246568234934,5,21523208.333333332,8410
563,2023-01-07,26349919.120571077,10,0.00283045,-273670757.4285051,13.939246568234934,5,21523450.0,8411
564,2023-01-07,26352823.130272746,10,0.00257925,-273670757.4285051,13.939246568234934,5,21523658.333333332,8412
565,2023-01-07,26355378.658810318,5,0.00293169,-273670757.4285051,13.939246568234934,5,21523841.666666668,8413
566,2023-01-07,26358282.668511987,10,0.00368819,-273670757.4285051,13.939246568234934,5,21524050.0,8414
567,2023-01-07,26361767.480154037,2,-0.52155875,326121754.4701906,-13.937735489655877,-3,21524300.0,8415
568,2023-01-07,26117805.445135236,0,-0.00744476,326121754.4701906,-13.937735489655877,-5,21524583.333333332,8416
569,2023-01-07,26114321.011262774,7,-0.4114151,-174085681.96212077,9.291593430843445,2,21524833.333333332,8417
570,2023-01-07,25916640.936236948,5,0.00241767,-174085681.96212077,9.291593430843445,2,21525083.333333332,8418
571,2023-01-07,25918963.834594667,8,-0.23693331,-474205681.9621208,23.22865983322204,5,21525333.333333332,8419
572,2023-01-07,25803415.99439609,3,-0.57439721,225523412.35521352,-9.291294869695397,-2,21525525.0,8420
573,2023-01-07,25521786.378611326,0,-0.00245625,225523412.35521352,-9.291294869695397,-5,21525700.0,8421
574,2023-01-07,25520624.96675259,2,0.00057314,225523412.35521352,-9.291294869695397,-5,21525825.0,8422
575,2023-01-07,25521166.95895332,10,-0.58322388,-474758833.93920517,23.227976394181855,5,21525766.666666668,8423
576,2023-01-07,25242521.026084483,4,-0.49391088,125002520.48409837,-4.645582689629782,-1,21525825.0,8424
577,2023-01-07,25001591.367560446,9,-0.39253381,-375198409.00408614,18.582158108615037,4,21526025.0,8425
578,2023-01-07,24805307.427535594,10,0.00595039,-375198409.00408614,18.582158108615037,5,21526225.0,8426
579,2023-01-07,24811191.77760333,10,0.00266353,-375198409.00408614,18.582158108615037,5,21526541.666666668,8427
580,2023-01-07,24813824.250002027,1,-0.62329268,424493819.3567004,-18.5815898253408,-4,21526683.333333332,8428
581,2023-01-07,24493354.81695479,1,-0.00720289,424493819.3567004,-18.5815898253408,-5,21526708.333333332,8429
582,2023-01-07,24489793.345571578,0,-0.01001391,424493819.3567004,-18.5815898253408,-5,21526900.0,8430
583,2023-01-07,24484838.254951477,1,-0.01062518,424493819.3567004,-18.5815898253408,-5,21527166.666666668,8431
584,2023-01-07,24479573.471167624,5,-0.01123187,424493819.3567004,-18.5815898253408,-5,21527450.0,8432
585,2023-01-07,24473998.99422002,8,-0.53493217,-275806008.933925,13.935501852260455,3,21527750.0,8433
586,2023-01-07,24199216.8792696,10,0.0049765,-275806008.933925,13.935501852260455,5,21528125.0,8434
587,2023-01-07,24204326.563282132,1,-0.56075965,423924322.4290833,-18.58002902355367,-4,21528491.666666668,8435
588,2023-01-07,23917664.585349858,10,-0.65694536,-476442338.07778764,23.224649714220686,5,21528850.0,8436
589,2023-01-07,23567532.39834094,5,0.01140982,-476442338.07778764,23.224649714220686,5,21529275.0,8437
590,2023-01-07,23579338.261945605,0,-0.78903802,523179329.59140974,-23.223642907073692,-5,21529783.333333332,8438
591,2023-01-07,23166750.118168354,5,-0.03552615,523179329.59140974,-23.223642907073692,-5,21530325.0,8439
592,2023-01-07,23148751.794915378,2,-0.03125012,523179329.59140974,-23.223642907073692,-5,21531100.0,8440
593,2023-01-07,23132882.305595577,10,-0.72790298,-477267136.2733187,23.22148575710171,5,21531783.333333332,8441
594,2023-01-07,22745442.031466365,10,0.01380328,-477267136.2733187,23.22148575710171,5,21532325.0,8442
595,2023-01-07,22759761.947683275,10,0.01993805,-477267136.2733187,23.22148575710171,5,21532941.666666668,8443
596,2023-01-07,22779693.722958088,3,-0.55977347,222499674.99095958,-9.287724414641168,-2,21533800.0,8444
597,2023-01-07,22489768.084917307,3,-0.200533,422419674.9909596,-18.574988789004603,-4,21534866.666666668,8445
598,2023-01-07,22389180.805676162,8,-0.50963568,-277890831.39199793,13.930179618057691,3,21535975.0,8446
599,2023-01-07,22125188.314562798,9,0.01687832,-277890831.39199793,13.930179618057691,5,21537125.0,8447
600,2023-01-07,22141788.445274353,10,0.01680928,-277890831.39199793,13.930179618057691,5,21538316.666666668,8448
601,2023-01-07,22157459.89734465,10,0.01209007,-277890831.39199793,13.930179618057691,5,21539441.666666668,8449
602,2023-01-07,22168720.125869274,5,0.01134764,-277890831.39199793,13.930179618057691,5,21540250.0,8450
603,2023-01-07,22178819.50609231,10,0.01332934,-277890831.39199793,13.930179618057691,5,21540975.0,8451
604,2023-01-07,22190660.1587677,10,0.01335312,-277890831.39199793,13.930179618057691,5,21541825.0,8452
605,2023-01-07,22202500.81144303,3,-0.46281988,222002463.47856164,-9.283898123143945,-2,21542675.0,8453
606,2023-01-07,21995964.749875456,0,-0.01647916,222002463.47856164,-9.283898123143945,-5,21543375.0,8454
607,2023-01-07,21988847.094647676,3,-0.02000621,222002463.47856164,-9.283898123143945,-5,21544141.666666668,8455
608,2023-01-07,21980646.317972243,8,-0.46563478,-278219362.408892,13.92432823818956,3,21545025.0,8456
609,2023-01-07,21792473.270110488,10,0.01510695,-278219362.408892,13.92432823818956,5,21545875.0,8457
610,2023-01-07,21804657.057318926,1,-0.70328083,421524647.44953245,-18.564284636894197,-4,21546750.0,8458
611,2023-01-07,21508094.295731187,10,-0.7691601,-478851912.3255303,23.204395531297507,5,21547641.666666668,8459
612,2023-01-07,21167424.67074579,10,0.01936244,-478851912.3255303,23.204395531297507,5,21548475.0,8460
613,2023-01-07,21184054.487543225,10,0.02021122,-478851912.3255303,23.204395531297507,5,21549191.666666668,8461
614,2023-01-07,21201071.044266164,5,0.02032411,-478851912.3255303,23.204395531297507,5,21549925.0,8462
615,2023-01-07,21217120.751175344,0,-1.03309675,520817093.1379447,-23.20119223193149,-5,21550616.666666668,8463
616,2023-01-07,20803172.422605574,8,-0.75388748,-279516833.14568055,13.920327777318063,3,21551216.666666668,8464
617,2023-01-07,20490243.02093959,10,0.0072742,-279516833.14568055,13.920327777318063,5,21551725.0,8465
618,2023-01-07,20496275.162976384,8,0.00691331,-279516833.14568055,13.920327777318063,5,21552158.333333332,8466
619,2023-01-07,20501727.29135585,1,-0.7180934,420221719.86718106,-18.559288808052877,-4,21552550.0,8467
620,2023-01-07,20216616.062758803,8,-0.69617954,-280063385.9787629,13.919289002717742,3,21552825.0,8468
621,2023-01-07,19938469.926437438,8,0.00174163,-280063385.9787629,13.919289002717742,5,21552958.333333332,8469
622,2023-01-07,19939861.85533768,2,-0.58589823,319699860.5562041,-13.919138312544199,-3,21553058.333333332,8470
623,2023-01-07,19696728.750083745,9,-0.63547537,-380583272.5026387,18.558657343003425,4,21553283.333333332,8471
624,2023-01-07,19421985.783608496,0,-0.80598342,519061983.68029404,-23.19801672422352,-5,21553566.666666668,8472
625,2023-01-07,19054830.95847076,2,-0.01694959,519061983.68029404,-23.19801672422352,-5,21553875.0,8473
626,2023-01-07,19047098.28622943,8,-0.66234441,-281272907.66792816,13.918395672925435,3,21554208.333333332,8474
627,2023-01-07,18731731.797296166,5,0.00377613,-281272907.66792816,13.918395672925435,3,21554541.666666668,8475
628,2023-01-07,18735327.382844985,8,0.00389854,-281272907.66792816,13.918395672925435,5,21554800.0,8476
629,2023-01-07,18739038.95502448,10,0.00036537,-281272907.66792816,13.918395672925435,5,21555066.666666668,8477
630,2023-01-07,18739386.914916277,10,-0.00243428,-281272907.66792816,13.918395672925435,5,21555091.666666668,8478
631,2023-01-07,18738227.04861015,10,-0.00176014,-281272907.66792816,13.918395672925435,5,21555008.333333332,8479
632,2023-01-07,18737415.14219594,5,0.00062897,-281272907.66792816,13.918395672925435,5,21554950.0,8480
633,2023-01-07,18737995.075348973,8,0.00232731,-281272907.66792816,13.918395672925435,5,21554991.666666668,8481
634,2023-01-07,18740082.83469993,3,-0.43302857,218540077.6384989,-9.278528672779927,-2,21555141.666666668,8482
635,2023-01-07,18540386.922788024,1,0.00034068,218540077.6384989,-9.278528672779927,-5,21555108.333333332,8483
636,2023-01-07,18540696.207077116,9,-0.53376243,-381699303.54549545,18.557114739800255,4,21555075.0,8484
637,2023-01-07,18299768.59876752,0,-0.75747586,517939768.96990985,-23.196447232141924,-5,21555025.0,8485
638,2023-01-07,17940928.792271495,2,0.00346964,517939768.96990985,-23.196447232141924,-5,21554975.0,8486
639,2023-01-07,17944214.95562941,1,0.00445214,517939768.96990985,-23.196447232141924,-5,21554833.333333332,8487
640,2023-01-07,17948274.333895028,8,-0.69414792,-282371722.26395935,13.918105096384812,3,21554658.333333332,8488
641,2023-01-07,17628393.72024983,10,0.00413929,-282371722.26395935,13.918105096384812,5,21554666.666666668,8489
642,2023-01-07,17632105.214942157,2,-0.52387753,317392103.6839506,-13.917927527804927,-3,21554933.333333332,8490
643,2023-01-07,17389088.132986248,0,0.00024995,317392103.6839506,-13.917927527804927,-5,21555150.0,8491
644,2023-01-07,17389320.098445058,8,-0.52458647,-282850681.01498914,13.91779838986537,3,21555133.333333332,8492
645,2023-01-07,17148507.11343813,0,-0.66519912,516828507.43818676,-23.19639342475032,-5,21555075.0,8493
646,2023-01-07,16830053.86441511,10,-0.8040394,-483569945.5170144,23.1964651679946,5,21555008.333333332,8494
647,2023-01-07,16425028.582199216,2,-0.6075356,316105030.5925596,-13.918019001962053,-3,21554791.666666668,8495
648,2023-01-07,16107118.295409858,0,0.00133099,316105030.5925596,-13.918019001962053,-5,21554641.666666668,8496
649,2023-01-07,16108510.097310066,2,0.00103228,316105030.5925596,-13.918019001962053,-5,21554541.666666668,8497
650,2023-01-07,16109553.948735237,0,-0.00068772,316105030.5925596,-13.918019001962053,-5,21554466.666666668,8498
651,2023-01-07,16109205.9982602,9,-0.55091865,-384170792.3315775,18.55761695454814,4,21554491.666666668,8499
652,2023-01-07,15830754.136502028,2,-0.56262602,315550753.51791483,-13.918158905939922,-3,21554575.0,8500
653,2023-01-07,15548781.778736472,8,-0.46146634,-284691219.00995916,13.918067429943793,3,21554716.666666668,8501
654,2023-01-07,15310288.780679047,2,-0.47116808,315070288.17756283,-13.917997478522791,-3,21554825.0,8502
655,2023-01-07,15071911.943935335,2,0.00471285,315070288.17756283,-13.917997478522791,-5,21554708.333333332,8503
656,2023-01-07,15076667.259740472,8,-0.47284251,-285163330.18862665,13.918293431648033,3,21554366.666666668,8504
657,2023-01-07,14831334.465557873,2,-0.46208349,314591336.5996962,-13.918540965745699,-3,21553983.333333332,8505
658,2023-01-07,14595976.113351464,2,0.00637008,314591336.5996962,-13.918540965745699,-5,21553650.0,8506
659,2023-01-07,14602471.432468832,10,-0.62457957,-485717524.11359805,23.198429311679405,5,21553183.333333332,8507
660,2023-01-07,14270296.711013317,8,-0.02742403,-485717524.11359805,23.198429311679405,5,21552658.333333332,8508
661,2023-01-07,14256184.333182096,6,-0.02506166,-485717524.11359805,23.198429311679405,5,21552050.0,8509
662,2023-01-07,14243425.197060645,10,-0.02625038,-485717524.11359805,23.198429311679405,5,21551500.0,8510
663,2023-01-07,14230472.740695,9,-0.02576278,-485717524.11359805,23.198429311679405,5,21550941.666666668,8511
664,2023-01-07,14217713.604573548,10,-0.02916484,-485717524.11359805,23.198429311679405,5,21550391.666666668,8512
665,2023-01-07,14203214.586253762,7,-0.01823,-485717524.11359805,23.198429311679405,5,21549766.666666668,8513
666,2023-01-07,14194128.53477335,8,-0.02320919,-485717524.11359805,23.198429311679405,5,21549375.0,8514
667,2023-01-07,14182529.320117474,5,-0.02891624,-485717524.11359805,23.198429311679405,5,21548875.0,8515
668,2023-01-07,14168030.301797688,7,-0.02575226,-485717524.11359805,23.198429311679405,5,21548250.0,8516
669,2023-01-07,14155077.845432043,3,-0.54037618,213875128.80464846,-9.281736674810102,-2,21547691.666666668,8517
670,2023-01-07,13881007.237875849,7,-0.32151015,-186278990.41075087,9.28200949317521,2,21547058.333333332,8518
671,2023-01-07,13714744.232841223,0,-0.49334474,513434746.7389838,-23.20575069443209,-5,21546383.333333332,8519
672,2023-01-07,13451764.289493024,2,0.01542468,513434746.7389838,-23.20575069443209,-5,21545650.0,8520
673,2023-01-07,13467814.93372339,3,0.01729512,513434746.7389838,-23.20575069443209,-5,21544958.333333332,8521
674,2023-01-07,13485799.390511572,7,-0.5536768,-186794180.1884278,9.283248146638188,2,21544183.333333332,8522
675,2023-01-07,13198238.492252469,2,-0.36950664,312998241.5247802,-13.92540008448076,-3,21543366.666666668,8523
676,2023-01-07,13009846.024850667,8,-0.47734315,-287230149.3333493,13.92593876300528,3,21542533.333333332,8524
677,2023-01-07,12758477.81666094,2,-0.41997361,312518482.365801,-13.926466708394486,-3,21541716.666666668,8525
678,2023-01-07,12530900.131949306,0,0.01145312,312518482.365801,-13.926466708394486,-5,21540825.0,8526
679,2023-01-07,12543317.898097634,4,0.01114338,312518482.365801,-13.926466708394486,-5,21539933.333333332,8527
680,2023-01-07,12554807.233132064,10,-0.6528961,-487765178.236921,23.21358861574663,5,21539108.333333332,8528
681,2023-01-07,12217218.125045419,0,-0.70876461,511817225.1665006,-23.214405931745002,-5,21538350.0,8529
682,2023-01-07,11833475.25065291,1,0.01861133,511817225.1665006,-23.214405931745002,-5,21537650.0,8530
683,2023-01-07,11853594.402460396,0,0.02022209,511817225.1665006,-23.214405931745002,-5,21536783.333333332,8531
684,2023-01-07,11874680.821181715,3,0.02174626,511817225.1665006,-23.214405931745002,-5,21535875.0,8532
685,2023-01-07,11896541.053434134,9,-0.71747668,-388463427.2202111,18.57447124671851,4,21534933.333333332,8533
686,2023-01-07,11518927.032104492,8,-0.03384675,-388463427.2202111,18.57447124671851,5,21533983.333333332,8534
687,2023-01-07,11501590.8589409,3,-0.45520499,211261604.85170925,-9.288047907751109,-2,21533050.0,8535
688,2023-01-07,11269654.4932293,10,-0.59169831,-489010342.2869141,23.22105437519496,5,21532183.333333332,8536
689,2023-01-07,10970693.852012813,2,-0.59379255,310650701.4375573,-13.933161078178966,-3,21531366.666666668,8537
690,2023-01-07,10659409.663231134,5,0.00771709,310650701.4375573,-13.933161078178966,-3,21530741.666666668,8538
691,2023-01-07,10667189.011499822,6,-0.31583675,-89492804.39347059,4.644642289003578,1,21530183.333333332,8539
692,2023-01-07,10504718.463975295,5,-0.00586406,-89492804.39347059,4.644642289003578,1,21529650.0,8540
693,2023-01-07,10501699.446487442,2,-0.28397903,310341701.64495146,-13.934692740025083,-3,21529000.0,8541
694,2023-01-07,10352849.399143457,8,-0.46046254,-289887146.14175487,13.935210561031576,3,21528200.0,8542
695,2023-01-07,10104376.605153859,2,-0.41869474,309864379.9960551,-13.935604346514994,-3,21527591.666666668,8543
696,2023-01-07,9872392.968554378,3,-0.11972263,509784379.9960551,-23.22625539662954,-5,21527016.666666668,8544
697,2023-01-07,9805554.51327914,10,-0.70654283,-490594437.01691395,23.22723904777611,5,21526450.0,8545
698,2023-01-07,9392788.001609802,3,-0.46651722,209112793.11160243,-9.291133007214565,-2,21525900.0,8546
699,2023-01-07,9118058.08697319,5,0.00453837,209112793.11160243,-9.291133007214565,-2,21525333.333333332,8547
700,2023-01-07,9123400.488452315,0,0.00601205,209112793.11160243,-9.291133007214565,-5,21524758.333333332,8548
701,2023-01-07,9130291.412099332,10,-0.52904222,-491149701.5885805,23.229864933821986,5,21524016.666666668,8549
702,2023-01-07,8829004.368563473,3,-0.46337892,208549012.88618064,-9.292341716574285,-2,21523100.0,8550
703,2023-01-07,8557143.68518266,10,-0.48931077,-491722853.06249774,23.23179875686645,5,21522225.0,8551
704,2023-01-07,8260884.678372502,1,-0.57198165,407900891.1832762,-18.586043507604597,-4,21521525.0,8552
705,2023-01-07,7913591.646339655,2,0.01059617,407900891.1832762,-18.586043507604597,-5,21520841.666666668,8553
706,2023-01-07,7926446.993099093,7,-0.40521243,-192313542.78457695,9.293615518479193,2,21520150.0,8554
707,2023-01-07,7680571.258928031,4,-0.19010918,107560573.61331064,-4.646944517805929,-1,21519516.666666668,8555
708,2023-01-07,7563826.474473104,6,-0.13923905,-92516172.22438243,4.647095681376531,1,21518816.666666668,8556
709,2023-01-07,7479684.115301669,0,-0.36567535,507239685.7727658,-23.236441246077398,-5,21517925.0,8557
710,2023-01-07,7260985.8439080715,2,0.02084618,507239685.7727658,-23.236441246077398,-5,21517008.333333332,8558
711,2023-01-07,7284803.19618535,0,0.0253649,507239685.7727658,-23.236441246077398,-5,21515983.333333332,8559
712,2023-01-07,7312686.925680637,3,0.02916528,507239685.7727658,-23.236441246077398,-5,21514783.333333332,8560
713,2023-01-07,7344637.032393992,2,0.02766652,507239685.7727658,-23.236441246077398,-5,21513408.333333332,8561
714,2023-01-07,7374844.406013846,3,0.02508569,507239685.7727658,-23.236441246077398,-5,21512108.333333332,8562
715,2023-01-07,7402147.224478006,8,-0.61128873,-292917787.7909413,13.946396251208688,3,21510933.333333332,8563
716,2023-01-07,7067336.053057432,2,-0.41660885,306827342.00351983,-13.947087848057325,-3,21509866.666666668,8564
717,2023-01-07,6840591.736975491,5,0.01330551,306827342.00351983,-13.947087848057325,-3,21508916.666666668,8565
718,2023-01-07,6854655.050555646,2,0.01371496,306827342.00351983,-13.947087848057325,-5,21507908.333333332,8566
719,2023-01-07,6868718.364135742,6,-0.31367008,-93291265.08532,4.649670570840056,1,21506900.0,8567
720,2023-01-07,6704588.958420992,1,-0.35021769,406504590.6168035,-18.599453408562958,-4,21506008.333333332,8568
721,2023-01-07,6522725.083876848,0,0.01569683,406504590.6168035,-18.599453408562958,-5,21505033.333333332,8569
722,2023-01-07,6538534.619274139,4,0.01247451,406504590.6168035,-18.599453408562958,-5,21504183.333333332,8570
723,2023-01-07,6551089.250324905,10,-0.74071976,-493808892.15022165,23.252019728563674,5,21503508.333333332,8571
724,2023-01-07,6176381.5706169605,1,-0.67008053,405816387.46112865,-18.60216366416119,-4,21502875.0,8572
725,2023-01-07,5823208.254472196,2,0.0067807,405816387.46112865,-18.60216366416119,-5,21502508.333333332,8573
726,2023-01-07,5830339.083876729,2,0.0050227,405816387.46112865,-18.60216366416119,-5,21502125.0,8574
727,2023-01-07,5835609.696914911,5,0.00458913,405816387.46112865,-18.60216366416119,-5,21501841.666666668,8575
728,2023-01-07,5840415.255861521,5,0.00445126,405816387.46112865,-18.60216366416119,-5,21501583.333333332,8576
729,2023-01-07,5845065.796777546,10,-0.67670305,-494514922.7318882,23.25437182190252,5,21501333.333333332,8577
730,2023-01-07,5476356.87867862,10,-0.01458827,-494514922.7318882,23.25437182190252,5,21500958.333333332,8578
731,2023-01-07,5468411.63497287,1,-0.62577946,405108418.30122614,-18.60411755631815,-4,21500616.666666668,8579
732,2023-01-07,5114309.60511899,9,-0.55795732,-395205688.03835946,18.604391566629303,4,21500300.0,8580
733,2023-01-07,4787645.387995839,3,-0.40507609,204547648.05462533,-9.302350820331682,-2,21499941.666666668,8581
734,2023-01-07,4551446.514543653,2,-0.19032065,504427648.05462533,-23.256142065412973,-5,21499533.333333332,8582
735,2023-01-07,4441136.573737502,6,-0.41790539,-95798858.03085482,4.651353892834356,1,21499116.666666668,8583
736,2023-01-07,4199475.234000221,2,-0.2637573,304039475.90069425,-13.954294259629723,-3,21498758.333333332,8584
737,2023-01-07,4044127.3321141005,8,-0.40149394,-296195870.8073133,13.954510621126897,3,21498425.0,8585
738,2023-01-07,3801105.715385437,1,-0.45646991,403521106.9247764,-18.606201679597334,-4,21498208.333333332,8586
739,2023-01-07,3525138.2684735656,8,-0.4617533,-296754860.11898893,13.95479190110394,3,21497991.666666668,8587
740,2023-01-07,3243279.242090881,5,-0.00273715,-296754860.11898893,13.95479190110394,3,21497858.333333332,8588
741,2023-01-07,3241651.183035791,3,-0.33542971,203041652.578515,-9.303302788781302,-2,21497741.666666668,8589
742,2023-01-07,3042737.9638403654,10,-0.46082129,-497237261.6020055,23.258383193492303,5,21497625.0,8590
743,2023-01-07,2760994.0192549825,9,-0.00189962,-497237261.6020055,23.258383193492303,5,21497550.0,8591
744,2023-01-07,2759831.1000953317,3,-0.45970931,202479832.2630145,-9.303407372950343,-2,21497500.0,8592
745,2023-01-07,2480064.848198831,5,0.00059684,202479832.2630145,-9.303407372950343,-2,21497475.0,8593
746,2023-01-07,2480762.6037518084,10,-0.46847798,-497799237.02411187,23.25862662461507,5,21497400.0,8594
747,2023-01-07,2198049.4694485664,5,-0.00544628,-497799237.02411187,23.25862662461507,5,21497283.333333332,8595
748,2023-01-07,2194754.497343421,3,-0.44700168,201914756.90073484,-9.303562450356772,-2,21497141.666666668,8596
749,2023-01-07,1915919.846041143,5,0.00071053,201914756.90073484,-9.303562450356772,-2,21497016.666666668,8597
750,2023-01-07,1916772.672599107,3,-0.12938362,401834756.90073484,-18.607218670955767,-4,21496925.0,8598
751,2023-01-07,1838633.3944661617,10,-0.59286675,-498521365.05493635,23.259248749524637,5,21496825.0,8599
752,2023-01-07,1475727.538969934,8,-0.00489778,-498521365.05493635,23.259248749524637,5,21496700.0,8600
753,2023-01-07,1472820.1328762174,10,-0.00371255,-498521365.05493635,23.259248749524637,5,21496575.0,8601
754,2023-01-07,1470688.0350741744,1,-0.60097689,401110691.2138382,-18.607694746970243,-4,21496483.333333332,8602
755,2023-01-07,1111776.6626984477,8,-0.46352052,-299168222.903122,13.955808931019925,3,21496425.0,8603
756,2023-01-07,831544.5000624657,10,0.0,-299168222.903122,13.955808931019925,5,21496408.333333332,8604
757,2023-01-07,831544.5000624657,5,0.00039088,-299168222.903122,13.955808931019925,5,21496408.333333332,8605
758,2023-01-07,832009.6936935186,10,-0.00040135,-299168222.903122,13.955808931019925,5,21496441.666666668,8606
759,2023-01-07,831777.0968779922,6,0.00123513,-299168222.903122,13.955808931019925,5,21496425.0,8607
760,2023-01-07,833172.6777710915,2,-0.42037147,300593172.1195387,-13.955744009787628,-3,21496525.0,8608
761,2023-01-07,591078.7579372525,10,-0.55473576,-499728922.0794074,23.259411048452844,5,21496675.0,8609
762,2023-01-07,274954.48910075426,0,-0.6997901,499874952.93847334,-23.259230716450205,-5,21496841.666666668,8610
763,2023-01-07,-129505.08074724674,8,-0.53071134,-300449506.8639549,13.955414002862412,3,21497033.333333332,8611
764,2023-01-07,-446948.3713876605,9,0.00204052,-300449506.8639549,13.955414002862412,5,21497216.666666668,8612
765,2023-01-07,-444506.1739371419,1,-0.47272103,399275491.8257869,-18.60690851254435,-4,21497391.666666668,8613
766,2023-01-07,-726834.0377771854,2,-0.00694486,399275491.8257869,-18.60690851254435,-5,21497516.666666668,8614
767,2023-01-07,-730865.5346215367,10,-0.60667972,-501090868.07756567,23.25826598773204,5,21497733.333333332,8615
